brood,datetime,observed,dead,swimming,graduated,Date Spawned,eggs produced (m),age,surviving,fraction_surviving,age_days
21-01,2021-03-29T00:00:00Z,TRUE,0,774.3,0,2021-03-29T00:00:00Z,774.3,0,774.3,1,0
21-01,2021-03-29T12:30:00Z,TRUE,-57.40000000000009,831.7,0,2021-03-29T00:00:00Z,774.3,45000,831.7,1.0741314735890484,0.5208333333333334
21-01,2021-03-31T09:10:00Z,TRUE,679.8,94.5,0,2021-03-29T00:00:00Z,774.3,205800,94.5,0.12204571871367688,2.381944444444444
21-01,2021-04-02T07:50:00Z,TRUE,664.5,109.8,0,2021-03-29T00:00:00Z,774.3,373800,109.8,0.14180550174351028,4.326388888888888
21-01,2021-04-05T07:45:00Z,TRUE,683.4,90.9,0,2021-03-29T00:00:00Z,774.3,632700,90.9,0.11739635800077491,7.322916666666667
21-01,2021-04-08T07:00:00Z,TRUE,780.6,84.6,0,2021-03-29T00:00:00Z,774.3,889200,84.6,0.10925997675319643,10.291666666666666
21-01,2021-04-12T06:30:00Z,TRUE,890.28,58.5,1.02,2021-03-29T00:00:00Z,774.3,1233000,59.52,0.07686943045331268,14.270833333333334
21-01,2021-04-13T08:00:00Z,FALSE,899.74,NA,9.559999999999999,2021-03-29T00:00:00Z,774.3,1324800,NA,NA,15.333333333333334
21-01,2021-04-14T09:05:00Z,TRUE,959.74,39,9.559999999999999,2021-03-29T00:00:00Z,774.3,1415100,48.56,0.0627147100607,16.37847222222222
21-01,2021-04-15T06:30:00Z,FALSE,962.83,NA,12.469999999999999,2021-03-29T00:00:00Z,774.3,1492200,NA,NA,17.270833333333332
21-01,2021-04-16T06:45:00Z,TRUE,996.5600000000001,24.5,26.24,2021-03-29T00:00:00Z,774.3,1579500,50.739999999999995,0.06553015627017951,18.28125
21-01,2021-04-18T07:30:00Z,TRUE,1022.45,17.1,32.25,2021-03-29T00:00:00Z,774.3,1755000,49.35,0.0637349864393646,20.3125
21-02,2021-03-31T00:00:00Z,TRUE,0,1203.2,0,2021-03-31T00:00:00Z,1203.2,0,1203.2,1,0
21-02,2021-03-31T02:30:00Z,TRUE,0.010000000000218279,1203.1899999999998,0,2021-03-31T00:00:00Z,1203.2,9000,1203.1899999999998,0.9999916888297871,0.10416666666666667
21-02,2021-04-02T07:50:00Z,TRUE,801.8000000000001,401.4,0,2021-03-31T00:00:00Z,1203.2,201000,401.4,0.3336103723404255,2.326388888888889
21-02,2021-04-06T07:00:00Z,TRUE,865.7,337.5,0,2021-03-31T00:00:00Z,1203.2,543600,337.5,0.2805019946808511,6.291666666666667
21-02,2021-04-09T07:15:00Z,TRUE,1374.2,166.5,0,2021-03-31T00:00:00Z,1203.2,803700,166.5,0.1383809840425532,9.302083333333334
21-02,2021-04-12T06:30:00Z,TRUE,1639.79,63.900000000000006,3.5100000000000002,2021-03-31T00:00:00Z,1203.2,1060200,67.41000000000001,0.056025598404255327,12.270833333333334
21-02,2021-04-13T08:00:00Z,FALSE,1647.153,NA,10.547,2021-03-31T00:00:00Z,1203.2,1152000,NA,NA,13.333333333333334
21-02,2021-04-14T09:05:00Z,TRUE,1707.613,50.4,13.087,2021-03-31T00:00:00Z,1203.2,1242300,63.486999999999995,0.05276512632978723,14.378472222222221
21-02,2021-04-16T06:45:00Z,TRUE,1759.093,39.8,22.607,2021-03-31T00:00:00Z,1203.2,1406700,62.407,0.05186751994680851,16.28125
21-02,2021-04-18T07:30:00Z,TRUE,1804.191,30.6,26.509,2021-03-31T00:00:00Z,1203.2,1582200,57.109,0.047464261968085106,18.3125
21-03,2021-04-02T00:00:00Z,TRUE,0,779.4,0,2021-04-02T00:00:00Z,779.4,0,779.4,1,0
21-03,2021-04-06T07:00:00Z,TRUE,403.2,376.2,0,2021-04-02T00:00:00Z,779.4,370800,376.2,0.48267898383371827,4.291666666666667
21-03,2021-04-09T07:15:00Z,TRUE,445.46999999999997,333.93,0,2021-04-02T00:00:00Z,779.4,630900,333.93,0.4284449576597383,7.302083333333333
21-03,2021-04-13T06:15:00Z,TRUE,623.49,155.91,0,2021-04-02T00:00:00Z,779.4,972900,155.91,0.20003849114703617,11.260416666666666
21-03,2021-04-16T06:45:00Z,TRUE,714.6,64.8,0,2021-04-02T00:00:00Z,779.4,1233900,64.8,0.08314087759815242,14.28125
21-03,2021-04-19T06:45:00Z,TRUE,779,54.9,10.3,2021-04-02T00:00:00Z,779.4,1493100,65.2,0.0836540928919682,17.28125
21-03,2021-04-21T07:00:00Z,TRUE,836.192,40.5,22.408,2021-04-02T00:00:00Z,779.4,1666800,62.908,0.0807133692584039,19.291666666666668
21-03,2021-04-23T08:00:00Z,TRUE,874.542,27.5,37.558,2021-04-02T00:00:00Z,779.4,1843200,65.05799999999999,0.08347190146266358,21.333333333333332
21-04,2021-04-05T00:00:00Z,TRUE,0,709.6,0,2021-04-05T00:00:00Z,709.6,0,709.6,1,0
21-04,2021-04-05T12:30:00Z,TRUE,0,709.6,0,2021-04-05T00:00:00Z,709.6,45000,709.6,1,0.5208333333333334
21-04,2021-04-08T07:00:00Z,TRUE,346.90000000000003,362.7,0,2021-04-05T00:00:00Z,709.6,284400,362.7,0.5111330326944757,3.2916666666666665
21-04,2021-04-12T10:30:00Z,TRUE,358.5,351.1,0,2021-04-05T00:00:00Z,709.6,642600,351.1,0.4947857948139797,7.4375
21-04,2021-04-15T06:30:00Z,TRUE,726.8000000000001,333.9,0,2021-04-05T00:00:00Z,709.6,887400,333.9,0.47054678692220964,10.270833333333334
21-04,2021-04-19T06:45:00Z,TRUE,1312.63,74.7,7.27,2021-04-05T00:00:00Z,709.6,1233900,81.97,0.11551578354002254,14.28125
21-04,2021-04-21T07:00:00Z,TRUE,1390.5200000000002,56.7,22.08,2021-04-05T00:00:00Z,709.6,1407600,78.78,0.11102029312288614,16.291666666666668
21-04,2021-04-22T08:30:00Z,FALSE,1398.467,NA,30.333,2021-04-05T00:00:00Z,709.6,1499400,NA,NA,17.354166666666668
21-04,2021-04-23T08:00:00Z,TRUE,1451.537,28.8,45.663,2021-04-05T00:00:00Z,709.6,1584000,74.463,0.10493658399098083,18.333333333333332
21-05,2021-04-08T00:00:00Z,TRUE,0,521,0,2021-04-08T00:00:00Z,521,0,521,1,0
21-05,2021-04-08T10:00:00Z,TRUE,0,521,0,2021-04-08T00:00:00Z,521,36000,521,1,0.4166666666666667
21-05,2021-04-12T09:15:00Z,FALSE,254.2,NA,0,2021-04-08T00:00:00Z,521,378900,NA,NA,4.385416666666667
21-05,2021-04-12T09:55:00Z,FALSE,417.5,NA,0,2021-04-08T00:00:00Z,521,381300,NA,NA,4.413194444444445
21-05,2021-04-15T06:30:00Z,TRUE,431.9,89.1,0,2021-04-08T00:00:00Z,521,628200,89.1,0.17101727447216888,7.270833333333333
21-05,2021-04-19T06:45:00Z,TRUE,531.68,78.42,0,2021-04-08T00:00:00Z,521,974700,78.42,0.15051823416506718,11.28125
21-05,2021-04-20T07:00:00Z,FALSE,548.2159999999999,NA,1.124,2021-04-08T00:00:00Z,521,1062000,NA,NA,12.291666666666666
21-05,2021-04-21T07:00:00Z,FALSE,551.8509999999999,NA,4.649,2021-04-08T00:00:00Z,521,1148400,NA,NA,13.291666666666666
21-05,2021-04-22T06:45:00Z,TRUE,652.6799999999998,48.8,12.219999999999999,2021-04-08T00:00:00Z,521,1233900,61.019999999999996,0.11712092130518234,14.28125
21-05,2021-04-23T08:00:00Z,FALSE,680.6399999999999,NA,21.06,2021-04-08T00:00:00Z,521,1324800,NA,NA,15.333333333333334
21-05,2021-04-24T07:30:00Z,TRUE,803.1199999999999,21.6,35.379999999999995,2021-04-08T00:00:00Z,521,1409400,56.98,0.10936660268714012,16.3125
21-05,2021-04-26T06:30:00Z,TRUE,870.1899999999999,0,54.709999999999994,2021-04-08T00:00:00Z,521,1578600,54.709999999999994,0.10500959692898271,18.270833333333332
21-06,2021-04-09T00:00:00Z,TRUE,0,193.9,0,2021-04-09T00:00:00Z,193.9,0,193.9,1,0
21-06,2021-04-13T06:15:00Z,TRUE,110.2,83.7,0,2021-04-09T00:00:00Z,193.9,368100,83.7,0.43166580711707064,4.260416666666667
21-06,2021-04-16T06:45:00Z,TRUE,156.10000000000002,37.8,0,2021-04-09T00:00:00Z,193.9,629100,37.8,0.19494584837545123,7.28125
21-06,2021-04-20T07:00:00Z,TRUE,189.40000000000003,4.5,0,2021-04-09T00:00:00Z,193.9,975600,4.5,0.023207839092315625,11.291666666666666
21-06,2021-04-22T08:30:00Z,TRUE,189.94000000000003,0,3.96,2021-04-09T00:00:00Z,193.9,1153800,3.96,0.02042289840123775,13.354166666666666
21-07,2021-04-12T00:00:00Z,TRUE,0,463.3,0,2021-04-12T00:00:00Z,463.3,0,463.3,1,0
21-07,2021-04-15T06:30:00Z,TRUE,307.6,155.7,0,2021-04-12T00:00:00Z,463.3,282600,155.7,0.3360673429743147,3.2708333333333335
21-07,2021-04-19T06:45:00Z,TRUE,284.20000000000005,179.1,0,2021-04-12T00:00:00Z,463.3,629100,179.1,0.3865745737103389,7.28125
21-07,2021-04-22T06:45:00Z,TRUE,331,132.3,0,2021-04-12T00:00:00Z,463.3,888300,132.3,0.28556011223829053,10.28125
21-07,2021-04-26T06:30:00Z,TRUE,429.72,31.5,2.08,2021-04-12T00:00:00Z,463.3,1233000,33.58,0.07248003453485861,14.270833333333334
21-07,2021-04-28T08:35:00Z,TRUE,423.39500000000004,32.66,7.245,2021-04-12T00:00:00Z,463.3,1413300,39.904999999999994,0.08613209583423266,16.35763888888889
21-07,2021-04-29T08:15:00Z,FALSE,423.98400000000004,NA,12.315999999999999,2021-04-12T00:00:00Z,463.3,1498500,NA,NA,17.34375
21-07,2021-04-30T07:00:00Z,TRUE,422.11,18.36,22.83,2021-04-12T00:00:00Z,463.3,1580400,41.19,0.08890567666738614,18.291666666666668
21-07,2021-05-02T07:20:00Z,TRUE,421.73,12.6,28.97,2021-04-12T00:00:00Z,463.3,1754400,41.57,0.08972587955968055,20.305555555555554
21-08,2021-04-13T00:00:00Z,TRUE,0,160,0,2021-04-13T00:00:00Z,160,0,160,1,0
21-08,2021-04-19T06:45:00Z,TRUE,97.9,62.1,0,2021-04-13T00:00:00Z,160,542700,62.1,0.388125,6.28125
21-08,2021-04-22T06:45:00Z,TRUE,99.70000000000002,60.3,0,2021-04-13T00:00:00Z,160,801900,60.3,0.37687499999999996,9.28125
21-08,2021-04-26T05:30:00Z,TRUE,132.83,27.17,0,2021-04-13T00:00:00Z,160,1143000,27.17,0.1698125,13.229166666666666
21-08,2021-04-29T07:00:00Z,TRUE,124.10000000000002,31.5,4.4,2021-04-13T00:00:00Z,160,1407600,35.9,0.224375,16.291666666666668
21-08,2021-05-01T07:20:00Z,TRUE,117.14000000000001,27,15.860000000000001,2021-04-13T00:00:00Z,160,1581600,42.86,0.267875,18.305555555555554
21-08,2021-05-03T06:45:00Z,TRUE,116.26000000000002,18.9,24.840000000000003,2021-04-13T00:00:00Z,160,1752300,43.74,0.27337500000000003,20.28125
21-08,2021-05-05T07:00:00Z,TRUE,114.61000000000001,14.2,31.190000000000005,2021-04-13T00:00:00Z,160,1926000,45.39,0.2836875,22.291666666666668
21-08,2021-05-07T07:30:00Z,TRUE,115.20000000000002,0,44.800000000000004,2021-04-13T00:00:00Z,160,2100600,44.800000000000004,0.28,24.3125
21-09,2021-04-15T00:00:00Z,TRUE,0,373.6,0,2021-04-15T00:00:00Z,373.6,0,373.6,1,0
21-09,2021-04-19T06:45:00Z,TRUE,200.8,172.8,0,2021-04-15T00:00:00Z,373.6,369900,172.8,0.4625267665952891,4.28125
21-09,2021-04-22T06:45:00Z,TRUE,244.90000000000003,128.7,0,2021-04-15T00:00:00Z,373.6,629100,128.7,0.3444860813704496,7.28125
21-09,2021-04-26T06:30:00Z,TRUE,267.40000000000003,106.2,0,2021-04-15T00:00:00Z,373.6,973800,106.2,0.2842612419700214,11.270833333333334
21-09,2021-04-29T07:00:00Z,TRUE,349.30000000000007,24.3,0,2021-04-15T00:00:00Z,373.6,1234800,24.3,0.06504282655246252,14.291666666666666
21-09,2021-05-01T07:20:00Z,TRUE,357.3810000000001,12.4,3.819,2021-04-15T00:00:00Z,373.6,1408800,16.219,0.0434127408993576,16.305555555555554
21-10,2021-04-19T00:00:00Z,TRUE,0,472.8,0,2021-04-19T00:00:00Z,472.8,0,472.8,1,0
21-10,2021-04-22T06:45:00Z,TRUE,207.3,265.5,0,2021-04-19T00:00:00Z,472.8,283500,265.5,0.5615482233502538,3.28125
21-10,2021-04-26T06:30:00Z,TRUE,192.90000000000003,279.9,0,2021-04-19T00:00:00Z,472.8,628200,279.9,0.5920050761421319,7.270833333333333
21-10,2021-04-29T07:00:00Z,TRUE,184.8,288,0,2021-04-19T00:00:00Z,472.8,889200,288,0.6091370558375634,10.291666666666666
21-10,2021-05-03T06:45:00Z,TRUE,231.94,231.9,8.96,2021-04-19T00:00:00Z,472.8,1233900,240.86,0.5094331641285956,14.28125
21-10,2021-05-04T07:40:00Z,FALSE,231.74,NA,18.259999999999998,2021-04-19T00:00:00Z,472.8,1323600,NA,NA,15.319444444444445
21-10,2021-05-05T07:00:00Z,TRUE,373.67,67.04,32.09,2021-04-19T00:00:00Z,472.8,1407600,99.13000000000001,0.209665820642978,16.291666666666668
21-10,2021-05-06T09:25:00Z,FALSE,374.05,NA,35.75,2021-04-19T00:00:00Z,472.8,1502700,NA,NA,17.39236111111111
21-10,2021-05-07T06:45:00Z,TRUE,373.83000000000004,46.8,52.17,2021-04-19T00:00:00Z,472.8,1579500,98.97,0.2093274111675127,18.28125
21-10,2021-05-09T06:30:00Z,TRUE,408.11,39.6,71.89,2021-04-19T00:00:00Z,472.8,1751400,111.49000000000001,0.23580795262267346,20.270833333333332
21-10,2021-05-11T06:40:00Z,TRUE,443.95000000000005,27.9,87.35,2021-04-19T00:00:00Z,472.8,1924800,115.25,0.24376057529610828,22.277777777777775
21-10,2021-05-13T06:45:00Z,TRUE,474.22,9.18,103.69999999999999,2021-04-19T00:00:00Z,472.8,2097900,112.88,0.23874788494077834,24.28125
21-10,2021-05-15T07:00:00Z,TRUE,482.31,0,113.96999999999998,2021-04-19T00:00:00Z,472.8,2271600,113.96999999999998,0.24105329949238574,26.291666666666668
21-11,2021-04-21T00:00:00Z,TRUE,0,788,0,2021-04-21T00:00:00Z,788,0,788,1,0
21-11,2021-04-26T06:30:00Z,TRUE,410,378,0,2021-04-21T00:00:00Z,788,455400,378,0.4796954314720812,5.270833333333333
21-11,2021-04-29T07:00:00Z,TRUE,502.7,285.3,0,2021-04-21T00:00:00Z,788,716400,285.3,0.3620558375634518,8.291666666666666
21-11,2021-05-03T06:45:00Z,TRUE,555.8,232.2,0,2021-04-21T00:00:00Z,788,1061100,232.2,0.29467005076142133,12.28125
21-11,2021-05-06T06:45:00Z,TRUE,629.5999999999999,158.4,0,2021-04-21T00:00:00Z,788,1320300,158.4,0.20101522842639594,15.28125
21-11,2021-05-08T06:00:00Z,TRUE,760.9999999999999,27,0,2021-04-21T00:00:00Z,788,1490400,27,0.03426395939086294,17.25
21-11,2021-05-10T08:15:00Z,TRUE,770.5999999999999,17.4,0,2021-04-21T00:00:00Z,788,1671300,17.4,0.022081218274111674,19.34375
21-11,2021-05-12T07:00:00Z,TRUE,783.8399999999999,0,4.16,2021-04-21T00:00:00Z,788,1839600,4.16,0.005279187817258883,21.291666666666668
21-12,2021-04-22T00:00:00Z,TRUE,0,881.4,0,2021-04-22T00:00:00Z,881.4,0,881.4,1,0
21-12,2021-04-27T08:00:00Z,TRUE,475.5,405.9,0,2021-04-22T00:00:00Z,881.4,460800,405.9,0.4605173587474472,5.333333333333333
21-12,2021-04-30T07:00:00Z,TRUE,556.5,324.9,0,2021-04-22T00:00:00Z,881.4,716400,324.9,0.36861810755616065,8.291666666666666
21-12,2021-05-04T07:40:00Z,TRUE,621.3,260.1,0,2021-04-22T00:00:00Z,881.4,1064400,260.1,0.2950987066031314,12.319444444444445
21-12,2021-05-07T06:45:00Z,TRUE,816.51,63,1.89,2021-04-22T00:00:00Z,881.4,1320300,64.89,0.0736215112321307,15.28125
21-12,2021-05-09T06:30:00Z,TRUE,799.85,63,18.55,2021-04-22T00:00:00Z,881.4,1492200,81.55,0.092523258452462,17.270833333333332
21-12,2021-05-11T06:40:00Z,TRUE,793.5500000000001,40.5,47.35,2021-04-22T00:00:00Z,881.4,1665600,87.85,0.09967097798956205,19.27777777777778
21-12,2021-05-13T06:45:00Z,TRUE,789.7600000000001,24.3,67.34,2021-04-22T00:00:00Z,881.4,1838700,91.64,0.10397095529838893,21.28125
21-12,2021-05-15T07:00:00Z,TRUE,790.3600000000001,10.62,80.42,2021-04-22T00:00:00Z,881.4,2012400,91.04,0.10329022010437941,23.291666666666668
21-12,2021-05-17T06:45:00Z,TRUE,792.8380000000001,0,88.562,2021-04-22T00:00:00Z,881.4,2184300,88.562,0.10047878375312004,25.28125
21-13,2021-04-26T00:00:00Z,TRUE,0,411.6,0,2021-04-26T00:00:00Z,411.6,0,411.6,1,0
21-13,2021-04-29T07:00:00Z,TRUE,173.10000000000002,238.5,0,2021-04-26T00:00:00Z,411.6,284400,238.5,0.5794460641399417,3.2916666666666665
21-13,2021-05-03T06:45:00Z,TRUE,193.8,217.8,0,2021-04-26T00:00:00Z,411.6,629100,217.8,0.5291545189504373,7.28125
21-13,2021-05-06T06:45:00Z,TRUE,203.70000000000002,207.9,0,2021-04-26T00:00:00Z,411.6,888300,207.9,0.5051020408163265,10.28125
21-13,2021-05-10T06:45:00Z,TRUE,310.8,100.8,0,2021-04-26T00:00:00Z,411.6,1233900,100.8,0.24489795918367344,14.28125
21-13,2021-05-12T07:00:00Z,TRUE,366.41,0,0,2021-04-26T00:00:00Z,411.6,1407600,0,0,16.291666666666668
21-13,2021-05-14T06:45:00Z,TRUE,416.63,36.9,13.68,2021-04-26T00:00:00Z,411.6,1579500,50.58,0.12288629737609329,18.28125
21-13,2021-05-16T06:30:00Z,TRUE,422.09,18.5,26.619999999999997,2021-04-26T00:00:00Z,411.6,1751400,45.12,0.1096209912536443,20.270833333333332
21-13,2021-05-18T06:45:00Z,TRUE,423.66999999999996,0,43.54,2021-04-26T00:00:00Z,411.6,1925100,43.54,0.10578231292517006,22.28125
21-14,2021-04-28T00:00:00Z,TRUE,0,370.6,0,2021-04-28T00:00:00Z,370.6,0,370.6,1,0
21-14,2021-05-03T06:45:00Z,TRUE,251.8,118.8,0,2021-04-28T00:00:00Z,370.6,456300,118.8,0.32056125202374525,5.28125
21-14,2021-05-06T06:45:00Z,TRUE,259,111.6,0,2021-04-28T00:00:00Z,370.6,715500,111.6,0.3011332973556395,8.28125
21-14,2021-05-10T06:45:00Z,TRUE,295,75.6,0,2021-04-28T00:00:00Z,370.6,1061100,75.6,0.20399352401511062,12.28125
21-14,2021-05-12T07:00:00Z,TRUE,338.74,29.52,2.34,2021-04-28T00:00:00Z,370.6,1234800,31.86,0.08596869940636805,14.291666666666666
21-14,2021-05-14T06:45:00Z,TRUE,331.462,23.4,15.738,2021-04-28T00:00:00Z,370.6,1406700,39.138,0.10560712358337829,16.28125
21-15,2021-04-30T00:00:00Z,TRUE,0,744.7,0,2021-04-30T00:00:00Z,744.7,0,744.7,1,0
21-15,2021-04-30T15:00:00Z,TRUE,-0.09999999999990905,744.8,0,2021-04-30T00:00:00Z,744.7,54000,744.8,1.000134282261313,0.625
21-15,2021-05-04T07:40:00Z,TRUE,507.90000000000003,0,0,2021-04-30T00:00:00Z,744.7,373200,0,0,4.319444444444445
21-15,2021-05-07T06:45:00Z,FALSE,700.3,NA,0,2021-04-30T00:00:00Z,744.7,629100,NA,NA,7.28125
21-15,2021-05-11T06:40:00Z,TRUE,1162.6999999999998,90,0,2021-04-30T00:00:00Z,744.7,974400,90,0.12085403518195245,11.277777777777779
21-15,2021-05-14T06:45:00Z,TRUE,1301.31,34.8,6.59,2021-04-30T00:00:00Z,744.7,1233900,41.39,0.055579427957566804,14.28125
21-15,2021-05-15T07:00:00Z,FALSE,1306.72,NA,13.18,2021-04-30T00:00:00Z,744.7,1321200,NA,NA,15.291666666666666
21-16,2021-05-03T00:00:00Z,TRUE,0,784.9,0,2021-05-03T00:00:00Z,784.9,0,784.9,1,0
21-16,2021-05-06T06:45:00Z,TRUE,492.4,292.5,0,2021-05-03T00:00:00Z,784.9,283500,292.5,0.37265893744426043,3.28125
21-16,2021-05-10T06:45:00Z,TRUE,534.7,250.2,0,2021-05-03T00:00:00Z,784.9,629100,250.2,0.3187667218753981,7.28125
21-16,2021-05-13T06:45:00Z,TRUE,570.7,214.2,0,2021-05-03T00:00:00Z,784.9,888300,214.2,0.272901006497643,10.28125
21-16,2021-05-16T07:00:00Z,TRUE,718.87,64.9,1.13,2021-05-03T00:00:00Z,784.9,1148400,66.03,0.0841253662886992,13.291666666666666
21-16,2021-05-18T06:45:00Z,TRUE,727.83,48.6,8.469999999999999,2021-05-03T00:00:00Z,784.9,1320300,57.07,0.0727098993502357,15.28125
21-16,2021-05-20T06:30:00Z,TRUE,715.34,43.2,26.36,2021-05-03T00:00:00Z,784.9,1492200,69.56,0.08862275449101797,17.270833333333332
21-16,2021-05-22T07:20:00Z,TRUE,714.1700000000001,23.4,47.33,2021-05-03T00:00:00Z,784.9,1668000,70.72999999999999,0.090113390240795,19.305555555555554
21-16,2021-05-24T06:30:00Z,TRUE,711.5100000000001,16.56,56.83,2021-05-03T00:00:00Z,784.9,1837800,73.39,0.09350235698815136,21.270833333333332
21-16,2021-05-26T08:30:00Z,TRUE,715.8300000000002,0,69.07,2021-05-03T00:00:00Z,784.9,2017800,69.07,0.08799847114282074,23.354166666666668
21-17,2021-05-05T00:00:00Z,TRUE,0,895.5,0,2021-05-05T00:00:00Z,895.5,0,895.5,1,0
21-17,2021-05-10T06:45:00Z,TRUE,677.7,217.8,0,2021-05-05T00:00:00Z,895.5,456300,217.8,0.24321608040201007,5.28125
21-17,2021-05-13T06:45:00Z,TRUE,770.4000000000001,125.1,0,2021-05-05T00:00:00Z,895.5,715500,125.1,0.13969849246231156,8.28125
21-17,2021-05-17T06:45:00Z,TRUE,837.0000000000001,58.5,0,2021-05-05T00:00:00Z,895.5,1061100,58.5,0.06532663316582915,12.28125
21-19,2021-05-07T00:00:00Z,TRUE,0,439.9,0,2021-05-07T00:00:00Z,439.9,0,439.9,1,0
21-19,2021-05-11T06:40:00Z,TRUE,179.79999999999995,260.1,0,2021-05-07T00:00:00Z,439.9,369600,260.1,0.5912707433507616,4.277777777777778
21-19,2021-05-14T06:45:00Z,TRUE,195.99999999999997,243.9,0,2021-05-07T00:00:00Z,439.9,629100,243.9,0.5544441918617868,7.28125
21-19,2021-05-18T06:45:00Z,TRUE,254.89999999999998,185,0,2021-05-07T00:00:00Z,439.9,974700,185,0.42055012502841554,11.28125
21-19,2021-05-21T06:30:00Z,TRUE,391.48,46.8,1.6199999999999999,2021-05-07T00:00:00Z,439.9,1233000,48.419999999999995,0.11007047056149125,14.270833333333334
21-19,2021-05-23T06:20:00Z,TRUE,375.47,49.5,14.93,2021-05-07T00:00:00Z,439.9,1405200,64.43,0.14646510570584226,16.26388888888889
21-19,2021-05-25T06:30:00Z,TRUE,361.17,39.6,39.129999999999995,2021-05-07T00:00:00Z,439.9,1578600,78.72999999999999,0.1789724937485792,18.270833333333332
21-19,2021-05-27T06:45:00Z,TRUE,359.85,21.24,58.809999999999995,2021-05-07T00:00:00Z,439.9,1752300,80.05,0.18197317572175495,20.28125
21-19,2021-05-29T07:10:00Z,TRUE,363.01000000000005,0,76.88999999999999,2021-05-07T00:00:00Z,439.9,1926600,76.88999999999999,0.17478972493748576,22.29861111111111
21-18,2021-05-05T00:00:00Z,TRUE,0,389.9,0,2021-05-05T00:00:00Z,389.9,0,389.9,1,0
21-18,2021-05-11T06:40:00Z,TRUE,324.2,65.7,0,2021-05-05T00:00:00Z,389.9,542400,65.7,0.16850474480636063,6.277777777777778
21-18,2021-05-14T06:45:00Z,TRUE,332.3,57.6,0,2021-05-05T00:00:00Z,389.9,801900,57.6,0.14773018722749423,9.28125
21-18,2021-05-18T08:30:00Z,TRUE,351.2,38.7,0,2021-05-05T00:00:00Z,389.9,1153800,38.7,0.0992562195434727,13.354166666666666
21-18,2021-05-21T06:30:00Z,TRUE,125.71999999999997,261,3.1799999999999997,2021-05-05T00:00:00Z,389.9,1405800,264.18,0.6775583482944345,16.270833333333332
21-18,2021-05-23T06:20:00Z,TRUE,355.05999999999995,19.4,15.44,2021-05-05T00:00:00Z,389.9,1578000,34.839999999999996,0.08935624519107463,18.26388888888889
21-18,2021-05-25T06:30:00Z,TRUE,358.18999999999994,8.46,23.25,2021-05-05T00:00:00Z,389.9,1751400,31.71,0.08132854578096949,20.270833333333332
21-18,2021-05-27T12:10:00Z,TRUE,359.96599999999995,0,29.934,2021-05-05T00:00:00Z,389.9,1944600,29.934,0.07677353167478841,22.506944444444443
21-20,2021-05-10T00:00:00Z,TRUE,0,532.3,0,2021-05-10T00:00:00Z,532.3,0,532.3,1,0
21-20,2021-05-13T06:45:00Z,TRUE,294.69999999999993,237.6,0,2021-05-10T00:00:00Z,532.3,283500,237.6,0.44636483186173215,3.28125
21-20,2021-05-17T06:45:00Z,TRUE,483.69999999999993,48.6,0,2021-05-10T00:00:00Z,532.3,629100,48.6,0.09130189742626339,7.28125
21-21,2021-05-12T00:00:00Z,TRUE,0,392.5,0,2021-05-12T00:00:00Z,392.5,0,392.5,1,0
21-21,2021-05-17T06:45:00Z,TRUE,280.9,111.6,0,2021-05-12T00:00:00Z,392.5,456300,111.6,0.28433121019108276,5.28125
21-21,2021-05-20T06:30:00Z,TRUE,290.29999999999995,102.2,0,2021-05-12T00:00:00Z,392.5,714600,102.2,0.26038216560509553,8.270833333333334
21-21,2021-05-23T07:00:00Z,TRUE,312.55999999999995,63,16.94,2021-05-12T00:00:00Z,392.5,975600,79.94,0.2036687898089172,11.291666666666666
21-21,2021-05-25T06:30:00Z,TRUE,313.28999999999996,22.5,56.71000000000001,2021-05-12T00:00:00Z,392.5,1146600,79.21000000000001,0.20180891719745225,13.270833333333334
21-21,2021-05-27T06:45:00Z,TRUE,319.41999999999996,0,73.08000000000001,2021-05-12T00:00:00Z,392.5,1320300,73.08000000000001,0.1861910828025478,15.28125
21-22,2021-05-14T00:00:00Z,TRUE,0,320.7,0,2021-05-14T00:00:00Z,320.7,0,320.7,1,0
21-22,2021-05-18T06:45:00Z,TRUE,134.39999999999998,186.3,0,2021-05-14T00:00:00Z,320.7,369900,186.3,0.5809167446211413,4.28125
21-22,2021-05-21T06:30:00Z,TRUE,219.89999999999998,100.8,0,2021-05-14T00:00:00Z,320.7,628200,100.8,0.31431244153414406,7.270833333333333
21-22,2021-05-25T06:30:00Z,TRUE,205.49999999999997,115.2,0,2021-05-14T00:00:00Z,320.7,973800,115.2,0.35921421889616467,11.270833333333334
21-22,2021-05-27T06:45:00Z,TRUE,239.09999999999997,54,27.599999999999998,2021-05-14T00:00:00Z,320.7,1147500,81.6,0.25444340505144997,13.28125
21-22,2021-05-29T07:10:00Z,TRUE,236.26999999999998,26,58.43,2021-05-14T00:00:00Z,320.7,1321800,84.43,0.2632678515746804,15.298611111111112
21-22,2021-05-31T06:30:00Z,TRUE,242.40999999999997,0,78.28999999999999,2021-05-14T00:00:00Z,320.7,1492200,78.28999999999999,0.24412223261615215,17.270833333333332
21-23,2021-05-17T00:00:00Z,TRUE,0,487.3,0,2021-05-17T00:00:00Z,487.3,0,487.3,1,0
21-23,2021-05-20T06:30:00Z,TRUE,235.3,252,0,2021-05-17T00:00:00Z,487.3,282600,252,0.517135234968192,3.2708333333333335
21-23,2021-05-24T06:30:00Z,TRUE,285.70000000000005,201.6,0,2021-05-17T00:00:00Z,487.3,628200,201.6,0.41370818797455367,7.270833333333333
21-23,2021-05-28T05:20:00Z,TRUE,360.70000000000005,125.3,1.3,2021-05-17T00:00:00Z,487.3,969600,126.6,0.2597988918530679,11.222222222222221
21-23,2021-05-31T07:00:00Z,TRUE,364.1,101.7,21.5,2021-05-17T00:00:00Z,487.3,1234800,123.2,0.2528216704288939,14.291666666666666
21-23,2021-06-01T06:10:00Z,FALSE,364.07000000000005,NA,37.730000000000004,2021-05-17T00:00:00Z,487.3,1318200,NA,NA,15.256944444444445
21-23,2021-06-02T06:15:00Z,TRUE,378.23,43.2,65.87,2021-05-17T00:00:00Z,487.3,1404900,109.07000000000001,0.223825159039606,16.260416666666668
21-23,2021-06-04T06:15:00Z,TRUE,380.47,40.64,66.19,2021-05-17T00:00:00Z,487.3,1577700,106.83,0.21922840139544428,18.260416666666668
21-23,2021-06-05T07:00:00Z,FALSE,380.29,NA,76.41,2021-05-17T00:00:00Z,487.3,1666800,NA,NA,19.291666666666668
21-23,2021-06-06T07:20:00Z,TRUE,394.13,0,93.17,2021-05-17T00:00:00Z,487.3,1754400,93.17,0.191196388261851,20.305555555555554
21-26,2021-05-20T00:00:00Z,TRUE,0,466.9,0,2021-05-20T00:00:00Z,466.9,0,466.9,1,0
21-26,2021-05-24T06:30:00Z,TRUE,240.99999999999997,225.9,0,2021-05-20T00:00:00Z,466.9,369000,225.9,0.48382951381452133,4.270833333333333
21-26,2021-05-28T05:20:00Z,TRUE,263.5,203.4,0,2021-05-20T00:00:00Z,466.9,710400,203.4,0.4356393231955451,8.222222222222223
21-26,2021-06-01T06:10:00Z,TRUE,305.46,160.58,0.8600000000000001,2021-05-20T00:00:00Z,466.9,1059000,161.44000000000003,0.34576997215677885,12.256944444444445
21-26,2021-06-03T06:10:00Z,TRUE,396.268,63,7.632000000000001,2021-05-20T00:00:00Z,466.9,1231800,70.632,0.15127864639109018,14.256944444444445
21-26,2021-06-05T06:30:00Z,TRUE,389.688,56,21.212,2021-05-20T00:00:00Z,466.9,1405800,77.212,0.16537159991432857,16.270833333333332
21-26,2021-06-06T07:20:00Z,FALSE,391.128,NA,28.972,2021-05-20T00:00:00Z,466.9,1495200,NA,NA,17.305555555555554
21-26,2021-06-07T06:25:00Z,TRUE,393.318,16.2,57.382000000000005,2021-05-20T00:00:00Z,466.9,1578300,73.58200000000001,0.15759691582780042,18.26736111111111
21-26,2021-06-09T08:30:00Z,TRUE,398.728,0,68.17200000000001,2021-05-20T00:00:00Z,466.9,1758600,68.17200000000001,0.1460098522167488,20.354166666666668
21-24,2021-05-19T00:00:00Z,TRUE,0,524.4,0,2021-05-19T00:00:00Z,524.4,0,524.4,1,0
21-24,2021-05-24T06:30:00Z,TRUE,365.09999999999997,159.3,0,2021-05-19T00:00:00Z,524.4,455400,159.3,0.30377574370709387,5.270833333333333
21-24,2021-05-28T05:20:00Z,TRUE,371.09999999999997,153.3,0,2021-05-19T00:00:00Z,524.4,796800,153.3,0.29233409610983985,9.222222222222223
21-24,2021-05-31T06:30:00Z,TRUE,433.39,85.52,5.49,2021-05-19T00:00:00Z,524.4,1060200,91.00999999999999,0.17355072463768115,12.270833333333334
21-24,2021-06-01T10:45:00Z,FALSE,433.71,NA,12.09,2021-05-19T00:00:00Z,524.4,1161900,NA,NA,13.447916666666666
21-24,2021-06-02T06:15:00Z,TRUE,443.66999999999996,46.400000000000006,34.33,2021-05-19T00:00:00Z,524.4,1232100,80.73,0.15394736842105264,14.260416666666666
21-24,2021-06-03T08:00:00Z,FALSE,448.412,NA,40.888,2021-05-19T00:00:00Z,524.4,1324800,NA,NA,15.333333333333334
21-24,2021-06-04T06:15:00Z,TRUE,447.522,12.96,63.918,2021-05-19T00:00:00Z,524.4,1404900,76.878,0.14660183066361557,16.260416666666668
21-24,2021-06-06T07:20:00Z,TRUE,453.082,0,71.318,2021-05-19T00:00:00Z,524.4,1581600,71.318,0.13599923722349352,18.305555555555554
21-27,2021-05-24T00:00:00Z,TRUE,0,254.6,0,2021-05-24T00:00:00Z,254.6,0,254.6,1,0
21-27,2021-05-28T05:20:00Z,TRUE,153.485,101.1,0.015,2021-05-24T00:00:00Z,254.6,364800,101.115,0.39715239591516105,4.222222222222222
21-27,2021-06-01T06:10:00Z,TRUE,156.485,98.1,0.015,2021-05-24T00:00:00Z,254.6,713400,98.115,0.385369206598586,8.256944444444445
21-27,2021-06-04T06:15:00Z,TRUE,175.80900000000003,72.8,5.991,2021-05-24T00:00:00Z,254.6,972900,78.791,0.30946975648075414,11.260416666666666
21-27,2021-06-05T06:30:00Z,FALSE,175.81100000000004,NA,14.988999999999999,2021-05-24T00:00:00Z,254.6,1060200,NA,NA,12.270833333333334
21-27,2021-06-06T07:20:00Z,TRUE,185.11100000000005,31.5,37.989,2021-05-24T00:00:00Z,254.6,1149600,69.489,0.2729340141398272,13.305555555555555
21-27,2021-06-08T06:20:00Z,TRUE,188.76100000000005,10.8,55.039,2021-05-24T00:00:00Z,254.6,1318800,65.839,0.2585978004713276,15.263888888888888
21-27,2021-06-10T07:50:00Z,TRUE,189.54100000000005,0,65.059,2021-05-24T00:00:00Z,254.6,1497000,65.059,0.25553417124901806,17.32638888888889
21-28,2021-05-25T00:00:00Z,TRUE,0,384.5,0,2021-05-25T00:00:00Z,384.5,0,384.5,1,0
21-28,2021-05-28T10:25:00Z,TRUE,172.1,212.4,0,2021-05-25T00:00:00Z,384.5,296700,212.4,0.5524057217165149,3.434027777777778
21-28,2021-06-01T06:10:00Z,TRUE,190.1,194.4,0,2021-05-25T00:00:00Z,384.5,627000,194.4,0.505591677503251,7.256944444444444
21-28,2021-06-04T06:15:00Z,TRUE,190.25,194.25,0,2021-05-25T00:00:00Z,384.5,886500,194.25,0.5052015604681405,10.260416666666666
21-28,2021-06-07T08:00:00Z,TRUE,288.989,90.9,4.611,2021-05-25T00:00:00Z,384.5,1152000,95.51100000000001,0.24840312093628092,13.333333333333334
21-28,2021-06-09T12:10:00Z,TRUE,353.649,107.66000000000001,14.091000000000001,2021-05-25T00:00:00Z,384.5,1339800,121.751,0.3166475942782835,15.506944444444445
21-28,2021-06-10T07:50:00Z,FALSE,362.589,NA,20.671,2021-05-25T00:00:00Z,384.5,1410600,NA,NA,16.32638888888889
21-28,2021-06-11T07:45:00Z,TRUE,449.337,99,34.723,2021-05-25T00:00:00Z,384.5,1496700,133.723,0.3477841352405722,17.322916666666668
21-28,2021-06-13T06:55:00Z,TRUE,551.107,72,58.953,2021-05-25T00:00:00Z,384.5,1666500,130.953,0.3405799739921977,19.288194444444446
21-28,2021-06-15T08:00:00Z,TRUE,627.867,65.24,60.953,2021-05-25T00:00:00Z,384.5,1843200,126.193,0.3282002600780234,21.333333333333332
21-28,2021-06-16T10:00:00Z,FALSE,641.817,NA,69.483,2021-05-25T00:00:00Z,384.5,1936800,NA,NA,22.416666666666668
21-28,2021-06-17T09:25:00Z,TRUE,691.947,32.4,94.953,2021-05-25T00:00:00Z,384.5,2021100,127.35300000000001,0.3312171651495449,23.39236111111111
21-28,2021-06-19T06:00:00Z,TRUE,733.187,12.6,105.91300000000001,2021-05-25T00:00:00Z,384.5,2181600,118.513,0.3082262678803641,25.25
21-28,2021-06-21T06:20:00Z,TRUE,751.427,2.7,110.17300000000002,2021-05-25T00:00:00Z,384.5,2355600,112.87300000000002,0.2935578673602081,27.26388888888889
21-28,2021-06-23T07:00:00Z,TRUE,755.124,0,111.87600000000002,2021-05-25T00:00:00Z,384.5,2530800,111.87600000000002,0.2909648894668401,29.291666666666668
21-29,2021-05-26T00:00:00Z,TRUE,0,619.7,0,2021-05-26T00:00:00Z,619.7,0,619.7,1,0
21-29,2021-06-01T06:10:00Z,TRUE,338.00000000000006,281.7,0,2021-05-26T00:00:00Z,619.7,540600,281.7,0.45457479425528474,6.256944444444444
21-29,2021-06-04T06:15:00Z,TRUE,347.00000000000006,272.7,0,2021-05-26T00:00:00Z,619.7,800100,272.7,0.44005163788930124,9.260416666666666
21-29,2021-06-08T06:20:00Z,TRUE,451.5400000000001,159.46,8.7,2021-05-26T00:00:00Z,619.7,1146000,168.16,0.2713571082781991,13.263888888888888
21-29,2021-06-09T08:30:00Z,FALSE,459.4000000000001,NA,11.799999999999999,2021-05-26T00:00:00Z,619.7,1240200,NA,NA,14.354166666666666
21-29,2021-06-10T07:50:00Z,TRUE,431.6020000000001,132.84799999999998,55.25,2021-05-26T00:00:00Z,619.7,1324200,188.09799999999998,0.30353074068097463,15.326388888888888
21-29,2021-06-11T07:45:00Z,FALSE,434.4220000000001,NA,73.13,2021-05-26T00:00:00Z,619.7,1410300,NA,NA,16.322916666666668
21-29,2021-06-12T06:55:00Z,TRUE,430.08400000000006,114.13999999999999,75.476,2021-05-26T00:00:00Z,619.7,1493700,189.61599999999999,0.30598031305470386,17.288194444444446
21-29,2021-06-13T06:55:00Z,FALSE,431.51400000000007,NA,85.586,2021-05-26T00:00:00Z,619.7,1580100,NA,NA,18.288194444444446
21-29,2021-06-14T06:30:00Z,TRUE,432.48400000000004,89.1,98.116,2021-05-26T00:00:00Z,619.7,1665000,187.216,0.30210747135710825,19.270833333333332
21-29,2021-06-15T06:00:00Z,FALSE,435.77400000000006,NA,117.326,2021-05-26T00:00:00Z,619.7,1749600,NA,NA,20.25
21-29,2021-06-16T06:55:00Z,TRUE,442.46400000000006,29.7,147.536,2021-05-26T00:00:00Z,619.7,1839300,177.236,0.28600290463127315,21.288194444444446
21-29,2021-06-17T07:40:00Z,FALSE,443.26400000000007,NA,155.736,2021-05-26T00:00:00Z,619.7,1928400,NA,NA,22.319444444444443
21-29,2021-06-18T06:30:00Z,TRUE,447.0640000000001,4.5,168.136,2021-05-26T00:00:00Z,619.7,2010600,172.636,0.2785799580442149,23.270833333333332
21-29,2021-06-20T11:35:00Z,TRUE,447.14400000000006,0,172.55599999999998,2021-05-26T00:00:00Z,619.7,2201700,172.55599999999998,0.2784508633209617,25.48263888888889
21-30,2021-05-28T00:00:00Z,TRUE,0,698.5,0,2021-05-28T00:00:00Z,698.5,0,698.5,1,0
21-30,2021-06-02T06:15:00Z,TRUE,206.2,492.3,0,2021-05-28T00:00:00Z,698.5,454500,492.3,0.7047959914101647,5.260416666666667
21-30,2021-06-07T06:25:00Z,TRUE,289,409.5,0,2021-05-28T00:00:00Z,698.5,887100,409.5,0.5862562634216177,10.26736111111111
21-30,2021-06-10T07:50:00Z,TRUE,585.1,113.4,0,2021-05-28T00:00:00Z,698.5,1151400,113.4,0.1623478883321403,13.326388888888888
21-30,2021-06-13T06:55:00Z,TRUE,554.6,121.5,22.4,2021-05-28T00:00:00Z,698.5,1407300,143.9,0.20601288475304225,16.288194444444446
21-30,2021-06-15T06:00:00Z,TRUE,541,133.8,23.7,2021-05-28T00:00:00Z,698.5,1576800,157.5,0.22548317823908376,18.25
21-30,2021-06-16T06:55:00Z,FALSE,544.07,NA,39.23,2021-05-28T00:00:00Z,698.5,1666500,NA,NA,19.288194444444446
21-30,2021-06-17T05:55:00Z,TRUE,541.6800000000001,104.30000000000001,52.519999999999996,2021-05-28T00:00:00Z,698.5,1749300,156.82,0.22450966356478166,20.24652777777778
21-30,2021-06-18T06:30:00Z,FALSE,543.98,NA,68.11999999999999,2021-05-28T00:00:00Z,698.5,1837800,NA,NA,21.270833333333332
21-30,2021-06-19T06:00:00Z,TRUE,557.73,46.09,94.67999999999999,2021-05-28T00:00:00Z,698.5,1922400,140.76999999999998,0.20153185397279882,22.25
21-30,2021-06-20T07:20:00Z,FALSE,558.426,NA,101.374,2021-05-28T00:00:00Z,698.5,2013600,NA,NA,23.305555555555557
21-30,2021-06-21T06:20:00Z,TRUE,556.226,27.3,114.97399999999999,2021-05-28T00:00:00Z,698.5,2096400,142.274,0.20368503937007873,24.26388888888889
21-30,2021-06-22T07:50:00Z,FALSE,556.326,NA,122.374,2021-05-28T00:00:00Z,698.5,2188200,NA,NA,25.32638888888889
21-31,2021-06-01T00:00:00Z,TRUE,0,466,0,2021-06-01T00:00:00Z,466,0,466,1,0
21-31,2021-06-04T06:15:00Z,TRUE,315.7,150.3,0,2021-06-01T00:00:00Z,466,281700,150.3,0.3225321888412017,3.2604166666666665
21-31,2021-06-08T06:20:00Z,TRUE,324.7,141.3,0,2021-06-01T00:00:00Z,466,627600,141.3,0.30321888412017167,7.263888888888889
21-31,2021-06-11T07:45:00Z,TRUE,379.25,86.75,0,2021-06-01T00:00:00Z,466,891900,86.75,0.1861587982832618,10.322916666666666
21-31,2021-06-12T06:55:00Z,FALSE,380.455,NA,3.645,2021-06-01T00:00:00Z,466,975300,NA,NA,11.288194444444445
21-31,2021-06-13T06:50:00Z,TRUE,376.443,0,89.557,2021-06-01T00:00:00Z,466,1061400,89.557,0.1921824034334764,12.284722222222221
21-31,2021-06-13T06:55:00Z,TRUE,304.443,72,89.557,2021-06-01T00:00:00Z,466,1061700,161.55700000000002,0.3466888412017168,12.288194444444445
21-31,2021-06-15T06:00:00Z,TRUE,310.293,41,114.707,2021-06-01T00:00:00Z,466,1231200,155.707,0.3341351931330472,14.25
21-31,2021-06-17T05:55:00Z,TRUE,319.01300000000003,0,146.987,2021-06-01T00:00:00Z,466,1403700,146.987,0.31542274678111587,16.24652777777778
21-32,2021-06-02T00:00:00Z,TRUE,0,905.7,0,2021-06-02T00:00:00Z,905.7,0,905.7,1,0
21-32,2021-06-07T06:25:00Z,TRUE,419.70000000000005,486,0,2021-06-02T00:00:00Z,905.7,455100,486,0.5366015236833388,5.267361111111112
21-32,2021-06-10T07:50:00Z,TRUE,504.30000000000007,401.4,0,2021-06-02T00:00:00Z,905.7,719400,401.4,0.4431931103014243,8.32638888888889
21-32,2021-06-14T06:30:00Z,TRUE,592.55,312.35,0.7999999999999999,2021-06-02T00:00:00Z,905.7,1060200,313.15000000000003,0.34575466490007734,12.270833333333334
21-32,2021-06-16T06:55:00Z,TRUE,784.92,113.7,7.08,2021-06-02T00:00:00Z,905.7,1234500,120.78,0.13335541570056308,14.288194444444445
21-32,2021-06-17T09:20:00Z,FALSE,784.0799999999999,NA,18.12,2021-06-02T00:00:00Z,905.7,1329600,NA,NA,15.388888888888888
21-32,2021-06-18T06:30:00Z,TRUE,776.0799999999999,102.5,27.12,2021-06-02T00:00:00Z,905.7,1405800,129.62,0.14311582201612014,16.270833333333332
21-32,2021-06-19T06:00:00Z,FALSE,774.7599999999999,NA,44.54,2021-06-02T00:00:00Z,905.7,1490400,NA,NA,17.25
21-32,2021-06-20T11:35:00Z,TRUE,748.9499999999998,86.74000000000001,70.00999999999999,2021-06-02T00:00:00Z,905.7,1596900,156.75,0.17307055316329908,18.48263888888889
21-32,2021-06-21T08:20:00Z,FALSE,749.3799999999998,NA,83.41999999999999,2021-06-02T00:00:00Z,905.7,1671600,NA,NA,19.34722222222222
21-32,2021-06-22T06:40:00Z,TRUE,749.7999999999997,39.6,116.29999999999998,2021-06-02T00:00:00Z,905.7,1752000,155.89999999999998,0.17213205255603398,20.27777777777778
21-32,2021-06-24T06:00:00Z,TRUE,749.7999999999997,39.6,116.29999999999998,2021-06-02T00:00:00Z,905.7,1922400,155.89999999999998,0.17213205255603398,22.25
21-32,2021-06-24T08:05:00Z,TRUE,754.9999999999998,17.1,133.6,2021-06-02T00:00:00Z,905.7,1929900,150.7,0.16639063707629456,22.336805555555557
21-32,2021-06-25T11:55:00Z,TRUE,757.4099999999997,0,148.29,2021-06-02T00:00:00Z,905.7,2030100,148.29,0.16372971182510762,23.496527777777775
21-33,2021-06-04T00:00:00Z,TRUE,0,413.8,0,2021-06-04T00:00:00Z,413.8,0,413.8,1,0
21-33,2021-06-08T06:20:00Z,TRUE,153.7,260.1,0,2021-06-04T00:00:00Z,413.8,368400,260.1,0.6285645239246013,4.263888888888888
21-33,2021-06-11T07:45:00Z,TRUE,195.10000000000002,218.7,0,2021-06-04T00:00:00Z,413.8,632700,218.7,0.52851619139681,7.322916666666667
21-33,2021-06-15T06:00:00Z,TRUE,119.13,277.13,17.54,2021-06-04T00:00:00Z,413.8,972000,294.67,0.7121072982116965,11.25
21-33,2021-06-17T05:55:00Z,FALSE,297.802,NA,25.898,2021-06-04T00:00:00Z,413.8,1144500,NA,NA,13.246527777777779
21-33,2021-06-18T06:30:00Z,FALSE,298.382,NA,38.918,2021-06-04T00:00:00Z,413.8,1233000,NA,NA,14.270833333333334
21-33,2021-06-19T06:00:00Z,TRUE,333.742,26.5,53.558,2021-06-04T00:00:00Z,413.8,1317600,80.05799999999999,0.19347027549540838,15.25
21-33,2021-06-21T06:20:00Z,TRUE,328.29200000000003,17.1,68.408,2021-06-04T00:00:00Z,413.8,1491600,85.50800000000001,0.20664088931851138,17.26388888888889
21-34,2021-06-07T00:00:00Z,TRUE,0,699.6,0,2021-06-07T00:00:00Z,699.6,0,699.6,1,0
21-34,2021-06-10T07:50:00Z,TRUE,319.8,379.8,0,2021-06-07T00:00:00Z,699.6,287400,379.8,0.5428816466552315,3.326388888888889
21-34,2021-06-14T06:30:00Z,TRUE,353.1,346.5,0,2021-06-07T00:00:00Z,699.6,628200,346.5,0.49528301886792453,7.270833333333333
21-34,2021-06-17T05:55:00Z,TRUE,644.7,54.9,0,2021-06-07T00:00:00Z,699.6,885300,54.9,0.07847341337907375,10.246527777777777
21-34,2021-06-21T06:20:00Z,TRUE,680.86,0,18.74,2021-06-07T00:00:00Z,699.6,1232400,18.74,0.026786735277301313,14.263888888888888
21-35,2021-06-08T00:00:00Z,TRUE,0,1269.5,0,2021-06-08T00:00:00Z,1269.5,0,1269.5,1,0
21-35,2021-06-11T07:45:00Z,TRUE,524,745.5,0,2021-06-08T00:00:00Z,1269.5,287100,745.5,0.587239070500197,3.3229166666666665
21-35,2021-06-15T06:30:00Z,TRUE,725,544.5,0,2021-06-08T00:00:00Z,1269.5,628200,544.5,0.4289090192989366,7.270833333333333
21-35,2021-06-17T05:55:00Z,TRUE,758.3,511.2,0,2021-06-08T00:00:00Z,1269.5,798900,511.2,0.4026782197715636,9.246527777777777
21-35,2021-06-21T06:20:00Z,TRUE,953.53,306.6,9.37,2021-06-08T00:00:00Z,1269.5,1146000,315.97,0.24889326506498624,13.263888888888888
21-35,2021-06-24T06:15:00Z,TRUE,1138.43,108.89999999999999,22.17,2021-06-08T00:00:00Z,1269.5,1404900,131.07,0.10324537219377707,16.260416666666668
21-35,2021-06-25T08:00:00Z,FALSE,1138.442,NA,30.258000000000003,2021-06-08T00:00:00Z,1269.5,1497600,NA,NA,17.333333333333332
21-35,2021-06-26T07:00:00Z,TRUE,1091.862,122.5,55.138000000000005,2021-06-08T00:00:00Z,1269.5,1580400,177.638,0.13992753052382828,18.291666666666668
21-35,2021-06-27T06:00:00Z,FALSE,1092.8020000000001,NA,74.09800000000001,2021-06-08T00:00:00Z,1269.5,1663200,NA,NA,19.25
21-35,2021-06-28T06:15:00Z,TRUE,1084.7820000000002,109.1,75.61800000000001,2021-06-08T00:00:00Z,1269.5,1750500,184.71800000000002,0.14550452934226074,20.260416666666668
21-35,2021-06-29T06:00:00Z,FALSE,1085.102,NA,89.89800000000001,2021-06-08T00:00:00Z,1269.5,1836000,NA,NA,21.25
21-35,2021-06-30T06:20:00Z,TRUE,1063.912,76.2,129.388,2021-06-08T00:00:00Z,1269.5,1923600,205.58800000000002,0.1619440724694762,22.26388888888889
21-35,2021-07-01T06:15:00Z,FALSE,1067.932,NA,140.368,2021-06-08T00:00:00Z,1269.5,2009700,NA,NA,23.260416666666668
21-35,2021-07-02T06:10:00Z,TRUE,1077.932,14,177.56799999999998,2021-06-08T00:00:00Z,1269.5,2095800,191.56799999999998,0.15090035447026387,24.256944444444443
21-35,2021-07-04T06:45:00Z,TRUE,1085.142,0,184.35799999999998,2021-06-08T00:00:00Z,1269.5,2270700,184.35799999999998,0.145220953131154,26.28125
21-37,2021-06-14T00:00:00Z,TRUE,0,1711.6,0,2021-06-14T00:00:00Z,1711.6,0,1711.6,1,0
21-37,2021-06-14T13:30:00Z,TRUE,0.599999999999909,1711,0,2021-06-14T00:00:00Z,1711.6,48600,1711,0.9996494508062632,0.5625
21-37,2021-06-17T05:55:00Z,TRUE,1389.3999999999999,322.2,0,2021-06-14T00:00:00Z,1711.6,280500,322.2,0.18824491703669083,3.246527777777778
21-37,2021-06-21T06:20:00Z,TRUE,1440.6999999999998,270.9,0,2021-06-14T00:00:00Z,1711.6,627600,270.9,0.15827296097218976,7.263888888888889
21-37,2021-06-23T07:00:00Z,TRUE,1670.4299999999998,310.8,1.27,2021-06-14T00:00:00Z,1711.6,802800,312.07,0.18232647814910027,9.291666666666666
21-37,2021-06-25T06:10:00Z,FALSE,1547.1299999999999,NA,22.87,2021-06-14T00:00:00Z,1711.6,972600,NA,NA,11.256944444444445
21-37,2021-06-27T06:00:00Z,FALSE,1536.6899999999998,NA,42.91,2021-06-14T00:00:00Z,1711.6,1144800,NA,NA,13.25
21-37,2021-06-28T06:15:00Z,FALSE,1537.9299999999998,NA,57.269999999999996,2021-06-14T00:00:00Z,1711.6,1232100,NA,NA,14.260416666666666
21-37,2021-06-29T06:00:00Z,FALSE,1546.6999999999998,NA,74.6,2021-06-14T00:00:00Z,1711.6,1317600,NA,NA,15.25
21-37,2021-06-30T06:20:00Z,FALSE,1547.62,NA,88.08,2021-06-14T00:00:00Z,1711.6,1405200,NA,NA,16.26388888888889
21-36,2021-06-11T00:00:00Z,TRUE,0,1033.2,0,2021-06-11T00:00:00Z,1033.2,0,1033.2,1,0
21-36,2021-06-15T06:30:00Z,TRUE,870.3000000000001,162.9,0,2021-06-11T00:00:00Z,1033.2,369000,162.9,0.15766550522648085,4.270833333333333
21-36,2021-06-17T05:55:00Z,TRUE,897.3000000000001,135.9,0,2021-06-11T00:00:00Z,1033.2,539700,135.9,0.13153310104529617,6.246527777777778
21-36,2021-06-21T06:20:00Z,TRUE,864.9000000000001,168.3,0,2021-06-11T00:00:00Z,1033.2,886800,168.3,0.16289198606271776,10.26388888888889
21-36,2021-06-23T07:00:00Z,TRUE,910.7800000000001,120.3,2.12,2021-06-11T00:00:00Z,1033.2,1062000,122.42,0.11848625629113434,12.291666666666666
21-36,2021-06-24T06:30:00Z,FALSE,909.3800000000001,NA,18.52,2021-06-11T00:00:00Z,1033.2,1146600,NA,NA,13.270833333333334
21-36,2021-06-25T06:10:00Z,TRUE,904.3000000000001,73,55.900000000000006,2021-06-11T00:00:00Z,1033.2,1231800,128.9,0.12475803329461867,14.256944444444445
21-36,2021-06-26T07:00:00Z,FALSE,903.9100000000001,NA,75.29,2021-06-11T00:00:00Z,1033.2,1321200,NA,NA,15.291666666666666
21-36,2021-06-27T06:00:00Z,TRUE,905.8100000000001,27.5,99.89000000000001,2021-06-11T00:00:00Z,1033.2,1404000,127.39000000000001,0.12329655439411538,16.25
21-36,2021-06-28T08:00:00Z,FALSE,906.961,NA,104.63900000000001,2021-06-11T00:00:00Z,1033.2,1497600,NA,NA,17.333333333333332
21-36,2021-06-29T06:00:00Z,TRUE,908.561,8.64,115.99900000000001,2021-06-11T00:00:00Z,1033.2,1576800,124.63900000000001,0.12063395276809911,18.25
21-38,2021-06-17T00:00:00Z,TRUE,0,301.2,0,2021-06-17T00:00:00Z,301.2,0,301.2,1,0
21-38,2021-06-21T06:20:00Z,TRUE,162.6,138.6,0,2021-06-17T00:00:00Z,301.2,368400,138.6,0.4601593625498008,4.263888888888888
21-38,2021-06-24T06:15:00Z,TRUE,186,115.2,0,2021-06-17T00:00:00Z,301.2,627300,115.2,0.3824701195219124,7.260416666666667
21-38,2021-06-28T06:15:00Z,TRUE,190.19,110.21,0.8,2021-06-17T00:00:00Z,301.2,972900,111.00999999999999,0.3685590969455511,11.260416666666666
21-38,2021-06-29T08:45:00Z,FALSE,189.1,NA,20.3,2021-06-17T00:00:00Z,301.2,1068300,NA,NA,12.364583333333334
21-38,2021-06-30T06:20:00Z,TRUE,188.22,64.9,48.08,2021-06-17T00:00:00Z,301.2,1146000,112.98,0.37509960159362554,13.263888888888888
21-38,2021-07-01T08:35:00Z,FALSE,186.36,NA,64.44,2021-06-17T00:00:00Z,301.2,1240500,NA,NA,14.357638888888888
21-38,2021-07-02T06:10:00Z,TRUE,182.41000000000003,32.629999999999995,86.16,2021-06-17T00:00:00Z,301.2,1318200,118.78999999999999,0.3943891102257636,15.256944444444445
21-38,2021-07-03T07:25:00Z,FALSE,182.11,NA,95.69,2021-06-17T00:00:00Z,301.2,1409100,NA,NA,16.30902777777778
21-38,2021-07-04T06:45:00Z,TRUE,187.18,0,114.02,2021-06-17T00:00:00Z,301.2,1493100,114.02,0.37855245683930944,17.28125
21-39,2021-06-21T00:00:00Z,TRUE,0,492.1,0,2021-06-21T00:00:00Z,492.1,0,492.1,1,0
21-39,2021-06-24T06:15:00Z,TRUE,378.574,113.4,0.126,2021-06-21T00:00:00Z,492.1,281700,113.52600000000001,0.23069701280227597,3.2604166666666665
21-39,2021-06-29T06:15:00Z,TRUE,380.374,111.6,0.126,2021-06-21T00:00:00Z,492.1,713700,111.726,0.2270392196707986,8.260416666666666
21-39,2021-07-02T06:10:00Z,TRUE,390.144,99,2.956,2021-06-21T00:00:00Z,492.1,972600,101.956,0.20718553139605772,11.256944444444445
21-39,2021-07-03T07:25:00Z,FALSE,390.584,NA,16.916,2021-06-21T00:00:00Z,492.1,1063500,NA,NA,12.309027777777779
21-39,2021-07-04T06:45:00Z,TRUE,391.444,68.4,32.256,2021-06-21T00:00:00Z,492.1,1147500,100.656,0.20454379191221297,13.28125
21-39,2021-07-05T06:40:00Z,FALSE,391.04400000000004,NA,47.056,2021-06-21T00:00:00Z,492.1,1233600,NA,NA,14.277777777777779
21-39,2021-07-06T06:20:00Z,TRUE,393.384,23.4,75.316,2021-06-21T00:00:00Z,492.1,1318800,98.71600000000001,0.2006015037593985,15.263888888888888
21-39,2021-07-08T06:00:00Z,TRUE,394.824,0,97.27600000000001,2021-06-21T00:00:00Z,492.1,1490400,97.27600000000001,0.19767526925421663,17.25
21-40,2021-06-22T00:00:00Z,TRUE,0,800.9,0,2021-06-22T00:00:00Z,800.9,0,800.9,1,0
21-40,2021-06-25T06:10:00Z,TRUE,545.3,255.6,0,2021-06-22T00:00:00Z,800.9,281400,255.6,0.3191409664127856,3.2569444444444446
21-40,2021-06-29T06:00:00Z,TRUE,555.1999999999999,245.7,0,2021-06-22T00:00:00Z,800.9,626400,245.7,0.30677987264327633,7.25
21-40,2021-07-02T06:10:00Z,TRUE,677.5999999999999,123.3,0,2021-06-22T00:00:00Z,800.9,886200,123.3,0.15395180422025223,10.256944444444445
21-40,2021-07-04T06:45:00Z,TRUE,664.8999999999999,102.6,33.4,2021-06-22T00:00:00Z,800.9,1061100,136,0.16980896491447123,12.28125
21-40,2021-07-05T06:40:00Z,FALSE,662.3299999999998,NA,66.57,2021-06-22T00:00:00Z,800.9,1147200,NA,NA,13.277777777777779
21-40,2021-07-06T06:20:00Z,TRUE,666.2299999999998,27.2,107.47,2021-06-22T00:00:00Z,800.9,1232400,134.67,0.1681483331252341,14.263888888888888
21-40,2021-07-07T09:00:00Z,FALSE,665.8299999999998,NA,117.07,2021-06-22T00:00:00Z,800.9,1328400,NA,NA,15.375
21-40,2021-07-08T06:00:00Z,TRUE,670.7999999999998,0,130.1,2021-06-22T00:00:00Z,800.9,1404000,130.1,0.16244225246597577,16.25
21-42,2021-06-24T00:00:00Z,TRUE,0,206.5,0,2021-06-24T00:00:00Z,206.5,0,206.5,1,0
21-42,2021-06-28T06:15:00Z,TRUE,198.4,8.1,0,2021-06-24T00:00:00Z,206.5,368100,8.1,0.03922518159806295,4.260416666666667
21-42,2021-06-30T09:00:00Z,TRUE,203.5,3,0,2021-06-24T00:00:00Z,206.5,550800,3,0.014527845036319613,6.375
21-44,2021-06-28T00:00:00Z,TRUE,0,719.3,0,2021-06-28T00:00:00Z,719.3,0,719.3,1,0
21-44,2021-06-28T14:00:00Z,TRUE,-5,719.3,5,2021-06-28T00:00:00Z,719.3,50400,724.3,1.0069512025580425,0.5833333333333334
21-44,2021-07-02T06:10:00Z,TRUE,368.69999999999993,345.6,5,2021-06-28T00:00:00Z,719.3,367800,350.6,0.48741832336994306,4.256944444444445
21-44,2021-07-06T06:20:00Z,TRUE,329.09999999999997,385.2,5,2021-06-28T00:00:00Z,719.3,714000,390.2,0.54247184762964,8.26388888888889
21-44,2021-07-09T06:00:00Z,TRUE,542.4,171.9,5,2021-06-28T00:00:00Z,719.3,972000,176.9,0.24593354650354513,11.25
21-44,2021-07-12T06:00:00Z,TRUE,577.44,106.2,35.66,2021-06-28T00:00:00Z,719.3,1231200,141.86,0.19721951897678303,14.25
21-44,2021-07-13T06:00:00Z,FALSE,579.2,NA,54.599999999999994,2021-06-28T00:00:00Z,719.3,1317600,NA,NA,15.25
21-44,2021-07-14T06:00:00Z,TRUE,575.2,57.900000000000006,86.19999999999999,2021-06-28T00:00:00Z,719.3,1404000,144.1,0.20033365772278605,16.25
21-44,2021-07-15T06:00:00Z,FALSE,578.4100000000001,NA,97.68999999999998,2021-06-28T00:00:00Z,719.3,1490400,NA,NA,17.25
21-44,2021-07-16T06:00:00Z,TRUE,587.3700000000001,13.959999999999999,117.96999999999998,2021-06-28T00:00:00Z,719.3,1576800,131.92999999999998,0.18341443069651048,18.25
21-44,2021-07-17T07:20:00Z,TRUE,590.46000000000015,4.5,124.33999999999999,2021-06-28T00:00:00Z,719.3,1668000,128.83999999999997,0.1791185875156402,19.305555555555554
21-44,2021-07-19T08:05:00Z,TRUE,593.0500000000002,0,126.24999999999999,2021-06-28T00:00:00Z,719.3,1843500,126.24999999999999,0.17551786459057417,21.336805555555557
21-43,2021-06-25T00:00:00Z,TRUE,0,423.6,0,2021-06-25T00:00:00Z,423.6,0,423.6,1,0
21-43,2021-06-29T06:00:00Z,TRUE,219.3,204.3,0,2021-06-25T00:00:00Z,423.6,367200,204.3,0.48229461756373937,4.25
21-43,2021-07-02T06:10:00Z,TRUE,269.62,153.98,0,2021-06-25T00:00:00Z,423.6,627000,153.98,0.3635033050047214,7.256944444444444
21-43,2021-07-06T06:20:00Z,TRUE,128.215,295.385,0,2021-06-25T00:00:00Z,423.6,973200,295.385,0.6973205854579791,11.263888888888888
21-43,2021-07-07T09:00:00Z,FALSE,125.66,NA,7.140000000000001,2021-06-25T00:00:00Z,423.6,1069200,NA,NA,12.375
21-43,2021-07-08T06:00:00Z,TRUE,289.22,114.8,19.58,2021-06-25T00:00:00Z,423.6,1144800,134.38,0.31723323890462696,13.25
21-43,2021-07-09T06:00:00Z,FALSE,290.74,NA,36.56,2021-06-25T00:00:00Z,423.6,1231200,NA,NA,14.25
21-43,2021-07-10T07:20:00Z,TRUE,279.78,66.81,77.01,2021-06-25T00:00:00Z,423.6,1322400,143.82,0.33951841359773366,15.305555555555555
21-43,2021-07-11T06:10:00Z,FALSE,281.77,NA,92.33000000000001,2021-06-25T00:00:00Z,423.6,1404600,NA,NA,16.256944444444446
21-43,2021-07-12T06:00:00Z,TRUE,283.69,27.700000000000003,112.21000000000001,2021-06-25T00:00:00Z,423.6,1490400,139.91000000000003,0.33028800755429655,17.25
21-43,2021-07-13T09:05:00Z,FALSE,283.5,NA,118.50000000000001,2021-06-25T00:00:00Z,423.6,1587900,NA,NA,18.37847222222222
21-43,2021-07-14T06:00:00Z,TRUE,285.02,0,138.58,2021-06-25T00:00:00Z,423.6,1663200,138.58,0.32714825306893297,19.25
21-45,2021-06-29T00:00:00Z,TRUE,0,381.9,0,2021-06-29T00:00:00Z,381.9,0,381.9,1,0
21-45,2021-07-02T06:10:00Z,TRUE,209.09999999999997,172.8,0,2021-06-29T00:00:00Z,381.9,281400,172.8,0.4524744697564808,3.2569444444444446
21-45,2021-07-06T06:20:00Z,TRUE,193.79999999999998,188.1,0,2021-06-29T00:00:00Z,381.9,627600,188.1,0.49253731343283585,7.263888888888889
21-45,2021-07-09T06:00:00Z,TRUE,329.69999999999993,52.2,0,2021-06-29T00:00:00Z,381.9,885600,52.2,0.13668499607227025,10.25
21-45,2021-07-11T06:45:00Z,TRUE,329.3999999999999,41,11.5,2021-06-29T00:00:00Z,381.9,1061100,52.5,0.13747054202670858,12.28125
21-45,2021-07-12T06:00:00Z,FALSE,330.7399999999999,NA,24.560000000000002,2021-06-29T00:00:00Z,381.9,1144800,NA,NA,13.25
21-45,2021-07-13T06:00:00Z,TRUE,345.1999999999999,0,36.7,2021-06-29T00:00:00Z,381.9,1231200,36.7,0.09609845509295628,14.25
21-46,2021-07-01T00:00:00Z,TRUE,0,688.3,0,2021-07-01T00:00:00Z,688.3,0,688.3,1,0
21-46,2021-07-06T06:20:00Z,TRUE,559.5999999999999,128.7,0,2021-07-01T00:00:00Z,688.3,454800,128.7,0.18698242045619642,5.263888888888888
21-46,2021-07-09T06:00:00Z,TRUE,406.5999999999999,281.7,0,2021-07-01T00:00:00Z,688.3,712800,281.7,0.40926921400552085,8.25
21-46,2021-07-13T06:00:00Z,TRUE,577.8199999999999,106.75,3.73,2021-07-01T00:00:00Z,688.3,1058400,110.48,0.16051140491064944,12.25
21-46,2021-07-14T09:10:00Z,FALSE,578.2879999999999,NA,11.912,2021-07-01T00:00:00Z,688.3,1156200,NA,NA,13.381944444444445
21-46,2021-07-15T06:00:00Z,TRUE,569.0679999999999,89.39999999999999,29.832,2021-07-01T00:00:00Z,688.3,1231200,119.232,0.1732267906436147,14.25
21-46,2021-07-16T06:00:00Z,FALSE,570.6079999999998,NA,42.092,2021-07-01T00:00:00Z,688.3,1317600,NA,NA,15.25
21-46,2021-07-17T07:20:00Z,TRUE,560.0779999999999,57.8,70.422,2021-07-01T00:00:00Z,688.3,1408800,128.22199999999998,0.18628795583321225,16.305555555555554
21-46,2021-07-18T07:20:00Z,FALSE,562.2579999999998,NA,85.542,2021-07-01T00:00:00Z,688.3,1495200,NA,NA,17.305555555555554
21-46,2021-07-19T05:40:00Z,TRUE,565.7579999999998,20.799999999999997,101.742,2021-07-01T00:00:00Z,688.3,1575600,122.542,0.17803574022955107,18.23611111111111
21-46,2021-07-20T08:05:00Z,FALSE,565.1879999999998,NA,106.912,2021-07-01T00:00:00Z,688.3,1670700,NA,NA,19.336805555555554
21-46,2021-07-21T06:00:00Z,TRUE,567.5779999999997,0,120.72200000000001,2021-07-01T00:00:00Z,688.3,1749600,120.72200000000001,0.175391544384716,20.25
21-47,2021-07-06T00:00:00Z,TRUE,0,650.3,0,2021-07-06T00:00:00Z,650.3,0,650.3,1,0
21-47,2021-07-06T14:00:00Z,TRUE,-5,650.3,5,2021-07-06T00:00:00Z,650.3,50400,655.3,1.0076887590342918,0.5833333333333334
21-47,2021-07-09T06:00:00Z,TRUE,379.79999999999995,265.5,5,2021-07-06T00:00:00Z,650.3,280800,270.5,0.41596186375518995,3.25
21-47,2021-07-13T06:00:00Z,TRUE,424.78999999999996,220.5,5.01,2021-07-06T00:00:00Z,650.3,626400,225.51,0.3467784099646317,7.25
21-47,2021-07-16T06:00:00Z,TRUE,447.28999999999996,198,5.01,2021-07-06T00:00:00Z,650.3,885600,203.01,0.3121789943103183,10.25
21-47,2021-07-19T05:40:00Z,TRUE,522.13,116.8,11.37,2021-07-06T00:00:00Z,650.3,1143600,128.17,0.19709364908503768,13.236111111111112
21-47,2021-07-20T08:05:00Z,FALSE,523.27,NA,19.93,2021-07-06T00:00:00Z,650.3,1238700,NA,NA,14.336805555555555
21-47,2021-07-21T06:00:00Z,TRUE,514.47,97.5,38.33,2021-07-06T00:00:00Z,650.3,1317600,135.82999999999998,0.2088728279255728,15.25
21-47,2021-07-22T06:00:00Z,FALSE,515.6700000000001,NA,52.73,2021-07-06T00:00:00Z,650.3,1404000,NA,NA,16.25
21-47,2021-07-23T05:45:00Z,TRUE,491.36000000000007,72.9,86.03999999999999,2021-07-06T00:00:00Z,650.3,1489500,158.94,0.24441027218206982,17.239583333333332
21-47,2021-07-24T07:15:00Z,FALSE,493.1600000000001,NA,98.63999999999999,2021-07-06T00:00:00Z,650.3,1581300,NA,NA,18.302083333333332
21-47,2021-07-25T05:50:00Z,TRUE,493.4100000000001,34.5,122.38999999999999,2021-07-06T00:00:00Z,650.3,1662600,156.89,0.24125788097801015,19.243055555555554
21-47,2021-07-26T08:10:00Z,FALSE,494.1700000000001,NA,129.13,2021-07-06T00:00:00Z,650.3,1757400,NA,NA,20.34027777777778
21-47,2021-07-27T06:00:00Z,TRUE,499.49000000000007,0,150.81,2021-07-06T00:00:00Z,650.3,1836000,150.81,0.23190834999231127,21.25
21-48,2021-07-07T00:00:00Z,TRUE,0,649.4,0,2021-07-07T00:00:00Z,649.4,0,649.4,1,0
21-48,2021-07-12T06:00:00Z,TRUE,275,374.4,0,2021-07-07T00:00:00Z,649.4,453600,374.4,0.5765321835540499,5.25
21-48,2021-07-15T06:00:00Z,TRUE,274.09999999999997,375.3,0,2021-07-07T00:00:00Z,649.4,712800,375.3,0.5779180782260549,8.25
21-48,2021-07-19T05:40:00Z,TRUE,391.88,256.4,1.12,2021-07-07T00:00:00Z,649.4,1057200,257.52,0.3965506621496766,12.236111111111112
21-48,2021-07-21T06:00:00Z,TRUE,371.8,275.87,1.73,2021-07-07T00:00:00Z,649.4,1231200,277.6,0.4274715121650755,14.25
21-48,2021-07-22T07:45:00Z,FALSE,371.3,NA,6.15,2021-07-07T00:00:00Z,649.4,1323900,NA,NA,15.322916666666666
21-48,2021-07-23T05:45:00Z,TRUE,537.75,87.3,24.35,2021-07-07T00:00:00Z,649.4,1403100,111.65,0.17192793347705576,16.239583333333332
21-48,2021-07-25T05:50:00Z,TRUE,513.2,100.39999999999999,35.8,2021-07-07T00:00:00Z,649.4,1576200,136.2,0.20973206036341238,18.243055555555554
21-48,2021-07-26T06:00:00Z,FALSE,514.35,NA,50.449999999999996,2021-07-07T00:00:00Z,649.4,1663200,NA,NA,19.25
21-48,2021-07-27T06:00:00Z,TRUE,504.6,90.9,53.9,2021-07-07T00:00:00Z,649.4,1749600,144.8,0.22297505389590394,20.25
21-48,2021-07-28T08:20:00Z,FALSE,515.64,NA,57.26,2021-07-07T00:00:00Z,649.4,1844400,NA,NA,21.347222222222225
21-48,2021-07-29T06:10:00Z,TRUE,502.84,84.4,62.16,2021-07-07T00:00:00Z,649.4,1923000,146.56,0.22568524792115802,22.256944444444443
21-48,2021-07-30T08:00:00Z,FALSE,503.84,NA,78.86,2021-07-07T00:00:00Z,649.4,2016000,NA,NA,23.333333333333332
21-48,2021-07-31T06:30:00Z,TRUE,501.77,61.2,86.43,2021-07-07T00:00:00Z,649.4,2097000,147.63,0.22733292269787497,24.270833333333332
21-48,2021-08-01T05:55:00Z,FALSE,503.04999999999995,NA,101.35000000000001,2021-07-07T00:00:00Z,649.4,2181300,NA,NA,25.246527777777775
21-48,2021-08-02T06:00:00Z,TRUE,502.44999999999993,37.7,109.25000000000001,2021-07-07T00:00:00Z,649.4,2268000,146.95000000000002,0.22628580227902684,26.25
21-48,2021-08-03T08:15:00Z,FALSE,502.0999999999999,NA,119.40000000000002,2021-07-07T00:00:00Z,649.4,2362500,NA,NA,27.34375
21-48,2021-08-04T06:00:00Z,TRUE,504.3999999999999,0,145.00000000000003,2021-07-07T00:00:00Z,649.4,2440800,145.00000000000003,0.22328303048968284,28.25
21-50,2021-07-12T00:00:00Z,TRUE,0,496.1,0,2021-07-12T00:00:00Z,496.1,0,496.1,1,0
21-50,2021-07-12T13:00:00Z,TRUE,0,478.1,18,2021-07-12T00:00:00Z,496.1,46800,496.1,1,0.5416666666666666
21-50,2021-07-15T06:00:00Z,TRUE,155,323.1,18,2021-07-12T00:00:00Z,496.1,280800,341.1,0.6875629913323926,3.25
21-50,2021-07-19T05:40:00Z,TRUE,175.60000000000002,302.5,18,2021-07-12T00:00:00Z,496.1,625200,320.5,0.6460391050191493,7.236111111111111
21-50,2021-07-22T05:50:00Z,TRUE,152.90000000000003,323.75,19.45,2021-07-12T00:00:00Z,496.1,885000,343.2,0.6917960088691796,10.243055555555555
21-50,2021-07-24T07:15:00Z,TRUE,357.75,104.4,33.95,2021-07-12T00:00:00Z,496.1,1062900,138.35000000000002,0.27887522676879667,12.302083333333334
21-50,2021-07-25T05:50:00Z,FALSE,357.24,NA,48.86,2021-07-12T00:00:00Z,496.1,1144200,NA,NA,13.243055555555555
21-50,2021-07-26T06:00:00Z,TRUE,347.04,45,104.06,2021-07-12T00:00:00Z,496.1,1231200,149.06,0.30046361620641,14.25
21-50,2021-07-28T06:00:00Z,TRUE,350.74,20.9,124.46000000000001,2021-07-12T00:00:00Z,496.1,1404000,145.36,0.29300544245111876,16.25
21-50,2021-07-29T08:10:00Z,FALSE,351.11,NA,129.19,2021-07-12T00:00:00Z,496.1,1498200,NA,NA,17.34027777777778
21-49,2021-07-09T00:00:00Z,TRUE,0,636.7,0,2021-07-09T00:00:00Z,636.7,0,636.7,1,0
21-49,2021-07-13T06:00:00Z,TRUE,364.00000000000006,272.7,0,2021-07-09T00:00:00Z,636.7,367200,272.7,0.42830218313177315,4.25
21-49,2021-07-16T06:00:00Z,TRUE,355.90000000000003,280.8,0,2021-07-09T00:00:00Z,636.7,626400,280.8,0.44102403015548924,7.25
21-49,2021-07-20T06:00:00Z,TRUE,301.61,334.11,0.98,2021-07-09T00:00:00Z,636.7,972000,335.09000000000003,0.5262918171823465,11.25
21-49,2021-07-22T05:50:00Z,TRUE,289.17,341.05,6.48,2021-07-09T00:00:00Z,636.7,1144200,347.53000000000003,0.5458300612533376,13.243055555555555
21-49,2021-07-23T05:45:00Z,FALSE,290.16,NA,22.79,2021-07-09T00:00:00Z,636.7,1230300,NA,NA,14.239583333333334
21-49,2021-07-24T07:15:00Z,TRUE,536.21,77.7,22.79,2021-07-09T00:00:00Z,636.7,1322100,100.49000000000001,0.15782943301397834,15.302083333333334
21-49,2021-07-25T07:00:00Z,FALSE,541.6500000000001,NA,23.05,2021-07-09T00:00:00Z,636.7,1407600,NA,NA,16.291666666666668
21-49,2021-07-26T06:00:00Z,TRUE,538.96,58,39.74,2021-07-09T00:00:00Z,636.7,1490400,97.74000000000001,0.15351028741950684,17.25
21-49,2021-07-27T08:30:00Z,FALSE,536.5500000000001,NA,56.95,2021-07-09T00:00:00Z,636.7,1585800,NA,NA,18.354166666666668
21-49,2021-07-28T06:00:00Z,TRUE,541.85,11.7,83.15,2021-07-09T00:00:00Z,636.7,1663200,94.85000000000001,0.1489712580493168,19.25
21-51,2021-07-14T00:00:00Z,TRUE,0,622.6,0,2021-07-14T00:00:00Z,622.6,0,622.6,1,0
21-51,2021-07-19T05:40:00Z,TRUE,365.20000000000005,257.4,0,2021-07-14T00:00:00Z,622.6,452400,257.4,0.41342756183745577,5.236111111111112
21-51,2021-07-22T05:50:00Z,TRUE,344.5,278.1,0,2021-07-14T00:00:00Z,622.6,712200,278.1,0.4466752328943142,8.243055555555555
21-51,2021-07-26T06:00:00Z,TRUE,521.79,88.2,12.61,2021-07-14T00:00:00Z,622.6,1058400,100.81,0.161917764214584,12.25
21-51,2021-07-28T06:00:00Z,TRUE,518.79,88,15.809999999999999,2021-07-14T00:00:00Z,622.6,1231200,103.81,0.1667362672663026,14.25
21-51,2021-07-29T07:45:00Z,FALSE,519.5999999999999,NA,25.599999999999998,2021-07-14T00:00:00Z,622.6,1323900,NA,NA,15.322916666666666
21-51,2021-07-30T05:50:00Z,TRUE,514.3299999999999,81.69999999999999,26.569999999999997,2021-07-14T00:00:00Z,622.6,1403400,108.26999999999998,0.17389977513652422,16.243055555555554
21-51,2021-07-31T06:40:00Z,FALSE,515.7299999999999,NA,35.769999999999996,2021-07-14T00:00:00Z,622.6,1492800,NA,NA,17.27777777777778
21-51,2021-08-01T05:55:00Z,TRUE,519.7299999999999,56.400000000000006,46.47,2021-07-14T00:00:00Z,622.6,1576500,102.87,0.16522646964343077,18.24652777777778
21-51,2021-08-02T08:00:00Z,FALSE,520.2399999999999,NA,54.66,2021-07-14T00:00:00Z,622.6,1670400,NA,NA,19.333333333333332
21-51,2021-08-03T06:00:00Z,TRUE,527.3799999999999,30.16,65.06,2021-07-14T00:00:00Z,622.6,1749600,95.22,0.15293928686154834,20.25
21-51,2021-08-04T09:00:00Z,FALSE,527.2699999999999,NA,70.13,2021-07-14T00:00:00Z,622.6,1846800,NA,NA,21.375
21-51,2021-08-05T06:00:00Z,TRUE,538.9799999999999,0,83.61999999999999,2021-07-14T00:00:00Z,622.6,1922400,83.61999999999999,0.1343077417282364,22.25
21-52,2021-07-15T00:00:00Z,TRUE,0,391,0,2021-07-15T00:00:00Z,391,0,391,1,0
21-52,2021-07-19T05:40:00Z,TRUE,188.5,202.5,0,2021-07-15T00:00:00Z,391,366000,202.5,0.5179028132992327,4.236111111111112
21-52,2021-07-22T05:50:00Z,TRUE,202,189,0,2021-07-15T00:00:00Z,391,625800,189,0.4833759590792839,7.243055555555556
21-52,2021-07-26T06:00:00Z,TRUE,221.95999999999998,169.04000000000002,0,2021-07-15T00:00:00Z,391,972000,169.04000000000002,0.4323273657289003,11.25
21-52,2021-07-28T06:00:00Z,TRUE,283.74,103.78,3.48,2021-07-15T00:00:00Z,391,1144800,107.26,0.2743222506393862,13.25
21-52,2021-07-29T10:40:00Z,FALSE,284.71000000000004,NA,6.29,2021-07-15T00:00:00Z,391,1248000,NA,NA,14.444444444444445
21-52,2021-07-30T05:50:00Z,TRUE,277.49,100,13.51,2021-07-15T00:00:00Z,391,1317000,113.51,0.290306905370844,15.243055555555555
21-52,2021-08-01T05:55:00Z,TRUE,270.96000000000004,101.1,18.939999999999998,2021-07-15T00:00:00Z,391,1490100,120.03999999999999,0.3070076726342711,17.24652777777778
21-52,2021-08-02T11:00:00Z,FALSE,274.70000000000005,NA,21.799999999999997,2021-07-15T00:00:00Z,391,1594800,NA,NA,18.458333333333332
21-52,2021-08-03T06:00:00Z,TRUE,266.53000000000003,98.93,25.54,2021-07-15T00:00:00Z,391,1663200,124.47,0.3183375959079284,19.25
21-52,2021-08-04T12:05:00Z,FALSE,272.68,NA,30.119999999999997,2021-07-15T00:00:00Z,391,1771500,NA,NA,20.50347222222222
21-52,2021-08-05T06:00:00Z,TRUE,262.28,90.62,38.099999999999994,2021-07-15T00:00:00Z,391,1836000,128.72,0.32920716112531967,21.25
21-52,2021-08-06T10:30:00Z,FALSE,267.09,NA,45.78999999999999,2021-07-15T00:00:00Z,391,1938600,NA,NA,22.4375
21-52,2021-08-07T09:30:00Z,TRUE,254.59999999999997,61.76,74.63999999999999,2021-07-15T00:00:00Z,391,2021400,136.39999999999998,0.34884910485933496,23.395833333333332
21-52,2021-08-08T07:20:00Z,FALSE,257.24999999999994,NA,79.74999999999999,2021-07-15T00:00:00Z,391,2100000,NA,NA,24.305555555555557
21-52,2021-08-09T06:30:00Z,TRUE,259.74999999999994,38.6,92.64999999999999,2021-07-15T00:00:00Z,391,2183400,131.25,0.3356777493606138,25.270833333333332
21-52,2021-08-10T10:00:00Z,FALSE,261.22999999999996,NA,95.57,2021-07-15T00:00:00Z,391,2282400,NA,NA,26.416666666666668
21-52,2021-08-11T08:00:00Z,TRUE,261.23999999999995,25.540000000000003,104.22,2021-07-15T00:00:00Z,391,2361600,129.76,0.3318670076726343,27.333333333333332
21-52,2021-08-12T08:00:00Z,FALSE,261.96999999999997,NA,107.42999999999999,2021-07-15T00:00:00Z,391,2448000,NA,NA,28.333333333333332
21-52,2021-08-13T07:35:00Z,TRUE,268.26,7.2,115.53999999999999,2021-07-15T00:00:00Z,391,2532900,122.74,0.3139130434782609,29.315972222222225
21-52,2021-08-15T07:25:00Z,TRUE,272.21,0,118.78999999999999,2021-07-15T00:00:00Z,391,2705100,118.78999999999999,0.3038107416879795,31.309027777777775
21-53,2021-07-16T00:00:00Z,TRUE,0,362.8,0,2021-07-16T00:00:00Z,362.8,0,362.8,1,0
21-53,2021-07-20T06:00:00Z,TRUE,230.5,132.3,0,2021-07-16T00:00:00Z,362.8,367200,132.3,0.36466372657111357,4.25
21-53,2021-07-23T05:45:00Z,TRUE,256.6,106.2,0,2021-07-16T00:00:00Z,362.8,625500,106.2,0.2927232635060639,7.239583333333333
21-53,2021-07-27T06:00:00Z,TRUE,258.90000000000003,79.2,24.7,2021-07-16T00:00:00Z,362.8,972000,103.9,0.28638368246968027,11.25
21-53,2021-07-28T06:00:00Z,FALSE,261.65000000000003,NA,38.15,2021-07-16T00:00:00Z,362.8,1058400,NA,NA,12.25
21-53,2021-07-29T09:45:00Z,TRUE,258.65000000000003,39,65.15,2021-07-16T00:00:00Z,362.8,1158300,104.15,0.28707276736493936,13.40625
21-53,2021-07-30T08:00:00Z,FALSE,259.3,NA,74.7,2021-07-16T00:00:00Z,362.8,1238400,NA,NA,14.333333333333334
21-53,2021-07-31T06:30:00Z,TRUE,261.91,0,74.7,2021-07-16T00:00:00Z,362.8,1319400,74.7,0.20589856670341786,15.270833333333334
21-54,2021-07-19T00:00:00Z,TRUE,0,398.8,0,2021-07-19T00:00:00Z,398.8,0,398.8,1,0
21-54,2021-07-22T05:50:00Z,TRUE,129.7,269.1,0,2021-07-19T00:00:00Z,398.8,280200,269.1,0.6747743229689067,3.2430555555555554
21-54,2021-07-26T06:00:00Z,TRUE,190.9,207.9,0,2021-07-19T00:00:00Z,398.8,626400,207.9,0.5213139418254764,7.25
21-54,2021-07-29T06:10:00Z,TRUE,110.19999999999999,288.6,0,2021-07-19T00:00:00Z,398.8,886200,288.6,0.7236710130391174,10.256944444444445
21-54,2021-08-01T05:55:00Z,TRUE,266.70000000000005,114.2,17.9,2021-07-19T00:00:00Z,398.8,1144500,132.1,0.3312437311935807,13.246527777777779
21-54,2021-08-02T06:00:00Z,FALSE,267.6,NA,32.2,2021-07-19T00:00:00Z,398.8,1231200,NA,NA,14.25
21-54,2021-08-03T06:00:00Z,TRUE,262.90000000000003,87.6,48.300000000000004,2021-07-19T00:00:00Z,398.8,1317600,135.9,0.3407723169508526,15.25
21-54,2021-08-04T06:00:00Z,FALSE,261.79,NA,65.01,2021-07-19T00:00:00Z,398.8,1404000,NA,NA,16.25
21-54,2021-08-05T06:00:00Z,TRUE,279.23,31.5,88.07000000000001,2021-07-19T00:00:00Z,398.8,1490400,119.57000000000001,0.2998244734202608,17.25
21-54,2021-08-07T06:50:00Z,TRUE,290.13,9,99.67,2021-07-19T00:00:00Z,398.8,1666200,108.67,0.2724924774322969,19.28472222222222
21-54,2021-08-09T06:30:00Z,TRUE,295.423,0,103.377,2021-07-19T00:00:00Z,398.8,1837800,103.377,0.2592201604814443,21.270833333333332
21-55,2021-07-21T00:00:00Z,TRUE,0,910.4,0,2021-07-21T00:00:00Z,910.4,0,910.4,1,0
21-55,2021-07-26T06:00:00Z,TRUE,306.5,603.9,0,2021-07-21T00:00:00Z,910.4,453600,603.9,0.6633347978910369,5.25
21-55,2021-07-29T06:10:00Z,TRUE,415.4,495,0,2021-07-21T00:00:00Z,910.4,713400,495,0.5437170474516696,8.256944444444445
21-55,2021-08-02T06:00:00Z,TRUE,730.35,178.7,1.3499999999999999,2021-07-21T00:00:00Z,910.4,1058400,180.04999999999998,0.1977702108963093,12.25
21-55,2021-08-04T06:00:00Z,TRUE,771.13,128.04999999999998,11.219999999999999,2021-07-21T00:00:00Z,910.4,1231200,139.26999999999998,0.15297671353251316,14.25
21-55,2021-08-05T06:30:00Z,FALSE,771.83,NA,17.47,2021-07-21T00:00:00Z,910.4,1319400,NA,NA,15.270833333333334
21-55,2021-08-06T06:00:00Z,TRUE,801.25,63.78,45.37,2021-07-21T00:00:00Z,910.4,1404000,109.15,0.11989235500878735,16.25
21-55,2021-08-08T07:20:00Z,TRUE,813.89,32.4,64.11,2021-07-21T00:00:00Z,910.4,1581600,96.50999999999999,0.10600834797891036,18.305555555555554
21-55,2021-08-10T07:00:00Z,TRUE,804.59,33,72.81,2021-07-21T00:00:00Z,910.4,1753200,105.81,0.11622363796133568,20.291666666666668
21-55,2021-08-11T08:00:00Z,FALSE,806.7,NA,76.7,2021-07-21T00:00:00Z,910.4,1843200,NA,NA,21.333333333333332
21-55,2021-08-12T07:00:00Z,TRUE,806.4000000000001,19.34,84.66,2021-07-21T00:00:00Z,910.4,1926000,104,0.11423550087873463,22.291666666666668
21-55,2021-08-13T07:45:00Z,FALSE,806.5400000000001,NA,88.56,2021-07-21T00:00:00Z,910.4,2015100,NA,NA,23.322916666666668
21-55,2021-08-14T07:00:00Z,TRUE,808.7300000000001,6.3,95.37,2021-07-21T00:00:00Z,910.4,2098800,101.67,0.11167618629173989,24.291666666666668
21-55,2021-08-16T08:00:00Z,FALSE,803.3000000000002,NA,97.4,2021-07-21T00:00:00Z,910.4,2275200,NA,NA,26.333333333333332
21-55,2021-08-18T07:15:00Z,TRUE,810.1200000000002,0,100.28,2021-07-21T00:00:00Z,910.4,2445300,100.28,0.1101493848857645,28.302083333333332
21-56,2021-07-23T00:00:00Z,TRUE,0,198.8,0,2021-07-23T00:00:00Z,198.8,0,198.8,1,0
21-56,2021-07-27T06:00:00Z,TRUE,86.30000000000001,112.5,0,2021-07-23T00:00:00Z,198.8,367200,112.5,0.5658953722334004,4.25
21-56,2021-07-30T05:50:00Z,TRUE,60.20000000000002,138.6,0,2021-07-23T00:00:00Z,198.8,625800,138.6,0.6971830985915493,7.243055555555556
21-56,2021-08-03T06:00:00Z,TRUE,165.10000000000002,26.8,6.9,2021-07-23T00:00:00Z,198.8,972000,33.7,0.16951710261569417,11.25
21-56,2021-08-04T09:00:00Z,FALSE,164.98000000000002,NA,12.22,2021-07-23T00:00:00Z,198.8,1069200,NA,NA,12.375
21-56,2021-08-05T06:00:00Z,TRUE,165.73000000000002,0,33.07,2021-07-23T00:00:00Z,198.8,1144800,33.07,0.16634808853118713,13.25
21-57,2021-07-26T00:00:00Z,TRUE,0,1131.2,0,2021-07-26T00:00:00Z,1131.2,0,1131.2,1,0
21-57,2021-07-29T06:10:00Z,TRUE,630.8000000000001,500.4,0,2021-07-26T00:00:00Z,1131.2,281400,500.4,0.44236209335219234,3.2569444444444446
21-57,2021-08-02T06:00:00Z,TRUE,863.9000000000001,267.3,0,2021-07-26T00:00:00Z,1131.2,626400,267.3,0.2362977369165488,7.25
21-57,2021-08-05T06:00:00Z,TRUE,1087.1000000000001,44.1,0,2021-07-26T00:00:00Z,1131.2,885600,44.1,0.038985148514851485,10.25
21-57,2021-08-09T06:30:00Z,TRUE,1126.88,0,4.32,2021-07-26T00:00:00Z,1131.2,1233000,4.32,0.003818953323903819,14.270833333333334
21-58,2021-07-28T00:00:00Z,TRUE,0,500.9,0,2021-07-28T00:00:00Z,500.9,0,500.9,1,0
21-58,2021-08-02T06:00:00Z,TRUE,341.59999999999997,159.3,0,2021-07-28T00:00:00Z,500.9,453600,159.3,0.31802755040926334,5.25
21-58,2021-08-05T06:00:00Z,TRUE,396.5,104.4,0,2021-07-28T00:00:00Z,500.9,712800,104.4,0.20842483529646638,8.25
21-58,2021-08-09T06:30:00Z,TRUE,500.9,0,0,2021-07-28T00:00:00Z,500.9,1060200,0,0,12.270833333333334
21-59,2021-07-30T00:00:00Z,TRUE,0,363,0,2021-07-30T00:00:00Z,363,0,363,1,0
21-59,2021-08-03T06:00:00Z,TRUE,222.6,140.4,0,2021-07-30T00:00:00Z,363,367200,140.4,0.38677685950413226,4.25
21-59,2021-08-06T06:00:00Z,TRUE,290.1,0,0,2021-07-30T00:00:00Z,363,626400,0,0,7.25
21-59,2021-08-10T07:00:00Z,FALSE,290.1,NA,0,2021-07-30T00:00:00Z,363,975600,NA,NA,11.291666666666666
21-60,2021-08-03T00:00:00Z,TRUE,0,323.5,0,2021-08-03T00:00:00Z,323.5,0,323.5,1,0
21-60,2021-08-06T06:30:00Z,TRUE,163.3,160.2,0,2021-08-03T00:00:00Z,323.5,282600,160.2,0.4952086553323029,3.2708333333333335
21-60,2021-08-10T07:00:00Z,TRUE,310.9,12.6,0,2021-08-03T00:00:00Z,323.5,630000,12.6,0.03894899536321483,7.291666666666667
21-60,2021-08-13T07:30:00Z,TRUE,323.5,0,0,2021-08-03T00:00:00Z,323.5,891000,0,0,10.3125
21-61,2021-08-05T00:00:00Z,TRUE,0,939.2,0,2021-08-05T00:00:00Z,939.2,0,939.2,1,0
21-61,2021-08-09T06:30:00Z,TRUE,661.1,278.1,0,2021-08-05T00:00:00Z,939.2,369000,278.1,0.296103066439523,4.270833333333333
21-61,2021-08-12T07:00:00Z,TRUE,831.2,108,0,2021-08-05T00:00:00Z,939.2,630000,108,0.11499148211243611,7.291666666666667
21-61,2021-08-16T06:00:00Z,TRUE,935.6600000000001,2.52,1.02,2021-08-05T00:00:00Z,939.2,972000,3.54,0.0037691652470187393,11.25
21-61,2021-08-18T07:15:00Z,TRUE,936.3100000000001,0,2.8899999999999997,2021-08-05T00:00:00Z,939.2,1149300,2.8899999999999997,0.003077086882453151,13.302083333333334
21-62,2021-08-10T00:00:00Z,TRUE,0,560.6,0,2021-08-10T00:00:00Z,560.6,0,560.6,1,0
21-62,2021-08-13T07:30:00Z,TRUE,239.3,321.3,0,2021-08-10T00:00:00Z,560.6,286200,321.3,0.5731359257937924,3.3125
21-62,2021-08-17T06:15:00Z,TRUE,494,66.6,0,2021-08-10T00:00:00Z,560.6,627300,66.6,0.11880128433820905,7.260416666666667
21-62,2021-08-20T06:00:00Z,TRUE,560.585,0,0.015,2021-08-10T00:00:00Z,560.6,885600,0.015,2.6757046022119155e-5,10.25
21-63,2021-08-12T00:00:00Z,TRUE,0,368.1,0,2021-08-12T00:00:00Z,368.1,0,368.1,1,0
21-63,2021-08-16T06:00:00Z,TRUE,352.6,15.5,0,2021-08-12T00:00:00Z,368.1,367200,15.5,0.04210812279271937,4.25
21-63,2021-08-19T06:25:00Z,TRUE,358.90000000000003,9.2,0,2021-08-12T00:00:00Z,368.1,627900,9.2,0.024993208367291492,7.267361111111111
21-63,2021-08-23T07:45:00Z,TRUE,368.1,0,0,2021-08-12T00:00:00Z,368.1,978300,0,0,11.322916666666666
21-65,2021-08-19T00:00:00Z,TRUE,0,113.7,0,2021-08-19T00:00:00Z,113.7,0,113.7,1,0
21-65,2021-08-19T12:55:00Z,TRUE,-0.09999999999999432,113.8,0,2021-08-19T00:00:00Z,113.7,46500,113.8,1.0008795074758134,0.5381944444444444
21-65,2021-08-23T07:00:00Z,TRUE,88.5,25.2,0,2021-08-19T00:00:00Z,113.7,370800,25.2,0.22163588390501318,4.291666666666667
21-65,2021-08-26T06:30:00Z,TRUE,100.8,12.9,0,2021-08-19T00:00:00Z,113.7,628200,12.9,0.11345646437994723,7.270833333333333
21-65,2021-08-30T06:15:00Z,TRUE,124.97999999999999,1.62,0,2021-08-19T00:00:00Z,113.7,972900,1.62,0.01424802110817942,11.260416666666666
21-65,2021-09-01T09:00:00Z,TRUE,127.39999999999999,0,0.8200000000000001,2021-08-19T00:00:00Z,113.7,1155600,0.8200000000000001,0.007211961301671064,13.375
21-64,2021-08-17T00:00:00Z,TRUE,0,395,0,2021-08-17T00:00:00Z,395,0,395,1,0
21-64,2021-08-20T06:00:00Z,TRUE,256.4,138.6,0,2021-08-17T00:00:00Z,395,280800,138.6,0.35088607594936705,3.25
21-64,2021-08-24T06:30:00Z,TRUE,319.4,75.6,0,2021-08-17T00:00:00Z,395,628200,75.6,0.19139240506329114,7.270833333333333
21-64,2021-08-27T06:10:00Z,TRUE,376.09999999999997,18.9,0,2021-08-17T00:00:00Z,395,886200,18.9,0.047848101265822784,10.256944444444445
21-64,2021-08-31T06:30:00Z,TRUE,394.84999999999997,0,0.15,2021-08-17T00:00:00Z,395,1233000,0.15,3.7974683544303797e-4,14.270833333333334
21-66,2021-08-23T00:00:00Z,TRUE,0,584.9,0,2021-08-23T00:00:00Z,584.9,0,584.9,1,0
21-66,2021-08-26T06:30:00Z,TRUE,257.29999999999995,327.6,0,2021-08-23T00:00:00Z,584.9,282600,327.6,0.5600957428620278,3.2708333333333335
21-66,2021-08-30T06:15:00Z,TRUE,329.29999999999995,255.6,0,2021-08-23T00:00:00Z,584.9,627300,255.6,0.4369977773978458,7.260416666666667
21-66,2021-09-03T05:35:00Z,TRUE,518.3,66.6,0,2021-08-23T00:00:00Z,584.9,970500,66.6,0.11386561805436826,11.232638888888888
21-66,2021-09-07T07:40:00Z,TRUE,583.5709999999999,0.72,0.609,2021-08-23T00:00:00Z,584.9,1323600,1.329,0.0022721832791930243,15.319444444444445
21-68,2021-08-26T00:00:00Z,TRUE,0,608.6,0,2021-08-26T00:00:00Z,608.6,0,608.6,1,0
21-68,2021-08-30T06:15:00Z,TRUE,433.1,175.15,0.35,2021-08-26T00:00:00Z,608.6,368100,175.5,0.2883667433453828,4.260416666666667
21-68,2021-09-03T05:35:00Z,TRUE,497.55,110.7,0.35,2021-08-26T00:00:00Z,608.6,711300,111.05,0.1824679592507394,8.23263888888889
21-68,2021-09-07T06:10:00Z,TRUE,599.73,6.96,1.9100000000000001,2021-08-26T00:00:00Z,608.6,1059000,8.870000000000001,0.01457443312520539,12.256944444444445
21-68,2021-09-09T07:35:00Z,TRUE,602.99,0,5.61,2021-08-26T00:00:00Z,608.6,1236900,5.61,0.009217877094972068,14.315972222222221
21-67,2021-08-25T00:00:00Z,TRUE,0,472.4,0,2021-08-25T00:00:00Z,472.4,0,472.4,1,0
21-67,2021-08-30T06:15:00Z,TRUE,362.59999999999997,109.8,0,2021-08-25T00:00:00Z,472.4,454500,109.8,0.23243014394580863,5.260416666666667
21-67,2021-09-03T05:35:00Z,TRUE,411.19999999999993,61.2,0,2021-08-25T00:00:00Z,472.4,797700,61.2,0.12955122777307368,9.23263888888889
21-67,2021-09-07T07:40:00Z,TRUE,468.8299999999999,2.52,1.05,2021-08-25T00:00:00Z,472.4,1150800,3.5700000000000003,0.007557154953429298,13.319444444444445
21-69,2021-08-30T00:00:00Z,TRUE,0,812.3,0,2021-08-30T00:00:00Z,812.3,0,812.3,1,0
21-69,2021-09-03T05:40:00Z,TRUE,357.294,454.5,0.506,2021-08-30T00:00:00Z,812.3,366000,455.006,0.5601452665271451,4.236111111111112
21-69,2021-09-07T06:10:00Z,TRUE,462.49399999999997,349.3,0.506,2021-08-30T00:00:00Z,812.3,713400,349.806,0.43063646436045794,8.256944444444445
21-69,2021-09-10T06:20:00Z,TRUE,765.894,45.9,0.506,2021-08-30T00:00:00Z,812.3,973200,46.406,0.057129139480487506,11.263888888888888
21-69,2021-09-13T06:10:00Z,TRUE,808.332,3.36,0.608,2021-08-30T00:00:00Z,812.3,1231800,3.968,0.004884894743321433,14.256944444444445
21-69,2021-09-15T08:00:00Z,TRUE,811.292,0,1.008,2021-08-30T00:00:00Z,812.3,1411200,1.008,0.0012409208420534287,16.333333333333332
21-70,2021-09-02T00:00:00Z,TRUE,0,458.1,0,2021-09-02T00:00:00Z,458.1,0,458.1,1,0
21-70,2021-09-07T06:10:00Z,TRUE,235.8,222.3,0,2021-09-02T00:00:00Z,458.1,454200,222.3,0.48526522593320237,5.256944444444445
21-70,2021-09-10T06:20:00Z,TRUE,250.20000000000002,207.9,0,2021-09-02T00:00:00Z,458.1,714000,207.9,0.4538310412573674,8.26388888888889
21-70,2021-09-13T06:10:00Z,TRUE,334.8,123.3,0,2021-09-02T00:00:00Z,458.1,972600,123.3,0.2691552062868369,11.256944444444445
21-70,2021-09-14T08:10:00Z,FALSE,335.69,NA,1.71,2021-09-02T00:00:00Z,458.1,1066200,NA,NA,12.340277777777779
21-70,2021-09-15T06:15:00Z,TRUE,329.34000000000003,106.69999999999999,22.060000000000002,2021-09-02T00:00:00Z,458.1,1145700,128.76,0.2810740013097577,13.260416666666666
21-70,2021-09-16T06:10:00Z,FALSE,331.84000000000003,NA,35.160000000000004,2021-09-02T00:00:00Z,458.1,1231800,NA,NA,14.256944444444445
21-70,2021-09-17T06:00:00Z,TRUE,351.02000000000004,27.9,79.18,2021-09-02T00:00:00Z,458.1,1317600,107.08000000000001,0.23374808993669505,15.25
21-70,2021-09-19T06:50:00Z,TRUE,352.69000000000005,18,87.41000000000001,2021-09-02T00:00:00Z,458.1,1493400,105.41000000000001,0.23010259768609476,17.28472222222222
21-70,2021-09-20T07:55:00Z,FALSE,353.59000000000003,NA,90.11000000000001,2021-09-02T00:00:00Z,458.1,1583700,NA,NA,18.32986111111111
21-70,2021-09-21T06:30:00Z,TRUE,356.92,5.04,96.14000000000001,2021-09-02T00:00:00Z,458.1,1665000,101.18000000000002,0.22086880593756825,19.270833333333332
21-70,2021-09-23T08:00:00Z,TRUE,358.3,0,99.80000000000001,2021-09-02T00:00:00Z,458.1,1843200,99.80000000000001,0.2178563632394674,21.333333333333332
21-71,2021-09-03T00:00:00Z,TRUE,0,667.9,0,2021-09-03T00:00:00Z,667.9,0,667.9,1,0
21-71,2021-09-07T06:10:00Z,TRUE,383.5,284.4,0,2021-09-03T00:00:00Z,667.9,367800,284.4,0.4258122473424165,4.256944444444445
21-71,2021-09-10T06:20:00Z,TRUE,474.4,193.5,0,2021-09-03T00:00:00Z,667.9,627600,193.5,0.2897140290462644,7.263888888888889
21-71,2021-09-14T07:50:00Z,TRUE,654.25,9,4.65,2021-09-03T00:00:00Z,667.9,978600,13.65,0.02043719119628687,11.326388888888888
21-71,2021-09-16T08:00:00Z,TRUE,656.03,3.42,8.45,2021-09-03T00:00:00Z,667.9,1152000,11.87,0.01777212157508609,13.333333333333334
21-71,2021-09-18T06:55:00Z,TRUE,657.16,0,10.739999999999998,2021-09-03T00:00:00Z,667.9,1320900,10.739999999999998,0.016080251534660875,15.288194444444445
21-72,2021-09-07T00:00:00Z,TRUE,0,432.3,0,2021-09-07T00:00:00Z,432.3,0,432.3,1,0
21-72,2021-09-10T06:20:00Z,TRUE,300,132.3,0,2021-09-07T00:00:00Z,432.3,282000,132.3,0.3060374739764053,3.263888888888889
21-72,2021-09-14T07:50:00Z,TRUE,325.20000000000005,107.1,0,2021-09-07T00:00:00Z,432.3,633000,107.1,0.2477446217904233,7.326388888888889
21-72,2021-09-17T06:00:00Z,TRUE,366.20000000000005,60,6.1,2021-09-07T00:00:00Z,432.3,885600,66.1,0.15290307656719868,10.25
21-72,2021-09-18T06:55:00Z,FALSE,368.6,NA,9.1,2021-09-07T00:00:00Z,432.3,975300,NA,NA,11.288194444444445
21-72,2021-09-19T06:50:00Z,TRUE,386.1,21.6,24.6,2021-09-07T00:00:00Z,432.3,1061400,46.2,0.10687022900763359,12.284722222222221
21-72,2021-09-21T06:30:00Z,TRUE,392.93,7.2,32.17,2021-09-07T00:00:00Z,432.3,1233000,39.370000000000005,0.09107101549849642,14.270833333333334
21-72,2021-09-23T08:00:00Z,TRUE,397.04,0,35.260000000000005,2021-09-07T00:00:00Z,432.3,1411200,35.260000000000005,0.08156372889197318,16.333333333333332
21-73,2021-09-08T00:00:00Z,TRUE,0,478,0,2021-09-08T00:00:00Z,478,0,478,1,0
21-73,2021-09-13T06:10:00Z,TRUE,263.8,214.2,0,2021-09-08T00:00:00Z,478,454200,214.2,0.44811715481171543,5.256944444444445
21-73,2021-09-16T06:10:00Z,TRUE,306.1,171.9,0,2021-09-08T00:00:00Z,478,713400,171.9,0.3596234309623431,8.256944444444445
21-73,2021-09-20T06:15:00Z,TRUE,417.95000000000005,49,11.05,2021-09-08T00:00:00Z,478,1059300,60.05,0.1256276150627615,12.260416666666666
21-73,2021-09-22T06:30:00Z,TRUE,453.91,0,11.05,2021-09-08T00:00:00Z,478,1233000,11.05,0.023117154811715484,14.270833333333334
21-74,2021-09-09T00:00:00Z,TRUE,0,891.9,0,2021-09-09T00:00:00Z,891.9,0,891.9,1,0
21-74,2021-09-13T06:10:00Z,TRUE,715.9,176,0,2021-09-09T00:00:00Z,891.9,367800,176,0.19733153941024778,4.256944444444445
21-74,2021-09-16T06:10:00Z,TRUE,623.7,268.2,0,2021-09-09T00:00:00Z,891.9,627000,268.2,0.3007063572149344,7.256944444444444
21-74,2021-09-20T06:15:00Z,TRUE,821.5,68.4,2,2021-09-09T00:00:00Z,891.9,972900,70.4,0.07893261576409913,11.260416666666666
21-74,2021-09-22T06:30:00Z,TRUE,872.4,10.8,8.7,2021-09-09T00:00:00Z,891.9,1146600,19.5,0.02186343760511268,13.270833333333334
21-75,2021-09-13T00:00:00Z,TRUE,0,1161.4,0,2021-09-13T00:00:00Z,1161.4,0,1161.4,1,0
21-75,2021-09-16T06:10:00Z,TRUE,808.6000000000001,352.8,0,2021-09-13T00:00:00Z,1161.4,281400,352.8,0.30377131048734285,3.2569444444444446
21-75,2021-09-20T06:15:00Z,TRUE,917.5000000000001,243.9,0,2021-09-13T00:00:00Z,1161.4,627300,243.9,0.21000516617874979,7.260416666666667
21-75,2021-09-23T06:00:00Z,TRUE,1065.43,94.3,1.67,2021-09-13T00:00:00Z,1161.4,885600,95.97,0.08263302910280695,10.25
21-75,2021-09-24T07:55:00Z,FALSE,1065.51,NA,4.79,2021-09-13T00:00:00Z,1161.4,978900,NA,NA,11.329861111111112
21-75,2021-09-25T05:45:00Z,TRUE,1035.8,107.83,17.77,2021-09-13T00:00:00Z,1161.4,1057500,125.6,0.10814534182882726,12.239583333333334
21-75,2021-09-26T07:00:00Z,FALSE,1036.1599999999999,NA,26.64,2021-09-13T00:00:00Z,1161.4,1148400,NA,NA,13.291666666666666
21-75,2021-09-27T08:00:00Z,TRUE,1079.4599999999998,31.6,50.34,2021-09-13T00:00:00Z,1161.4,1238400,81.94,0.07055278112622695,14.333333333333334
21-75,2021-09-28T07:40:00Z,FALSE,1079.5599999999997,NA,55.74,2021-09-13T00:00:00Z,1161.4,1323600,NA,NA,15.319444444444445
21-75,2021-09-29T07:40:00Z,TRUE,1079.6099999999997,17.4,64.39,2021-09-13T00:00:00Z,1161.4,1410000,81.78999999999999,0.07042362665748234,16.319444444444446
21-75,2021-09-30T07:50:00Z,FALSE,1079.8999999999996,NA,67.1,2021-09-13T00:00:00Z,1161.4,1497000,NA,NA,17.32638888888889
21-76,2021-09-15T00:00:00Z,TRUE,0,543.3,0,2021-09-15T00:00:00Z,543.3,0,543.3,1,0
21-76,2021-09-20T06:15:00Z,TRUE,383.4,159.9,0,2021-09-15T00:00:00Z,543.3,454500,159.9,0.2943125345113197,5.260416666666667
21-76,2021-09-23T06:00:00Z,TRUE,428.09999999999997,115.2,0,2021-09-15T00:00:00Z,543.3,712800,115.2,0.21203754831584762,8.25
21-76,2021-09-27T08:00:00Z,TRUE,529.61,10.8,2.8899999999999997,2021-09-15T00:00:00Z,543.3,1065600,13.690000000000001,0.025197864899687103,12.333333333333334
21-76,2021-09-29T07:40:00Z,TRUE,530.09,6.84,6.369999999999999,2021-09-15T00:00:00Z,543.3,1237200,13.209999999999999,0.024314375115037732,14.319444444444445
